	Unnamed: 0	Unnamed: 0.1	conversation_id	lang	reply_settings	created_at	clean_text	text	author_id	referenced_tweets	id	edit_history_tweet_ids	public_metrics.retweet_count	public_metrics.reply_count	public_metrics.like_count	public_metrics.impression_count	in_reply_to_user_id	geo.place_id	withheld.copyright	withheld.country_codes	geo.coordinates.type	geo.coordinates.coordinates	our_label
0	13581	17871	1.63367e+18	en	everyone	2023-03-09 03:04:49+00:00	rt tomfitton obama knew clinton knew biden knew comey knew brennan knew mccabe knew strzok knew clapper knew schiff knew fbi knew	RT @TomFitton: Obama knew. Clinton knew. Biden knew. Comey knew. Brennan knew. McCabe knew. Strzok knew.Clapper knew.Schiff knew.FBI knew.D‚Ä¶	3024401194.0	[{'type': 'retweeted', 'id': '1633625411845345280'}]	1.63367e+18	['1633665111406542848']	3316	0	0	0							neutral
1	13249	17539	1.63367e+18	en	everyone	2023-03-09 03:10:24+00:00	cant even threaten friend game without watchlist thanks obama http co x qvzgad	cant even threaten my friends during a game without being on some watchlist thanks obama https://t.co/28x4QVzgaD	1.57922e+18	[{'type': 'quoted', 'id': '1633098341578940417'}]	1.63367e+18	['1633666519245750272']	0	0	0	2							negative
2	28682	32972	1.63388e+18	en	everyone	2023-03-09 17:03:56+00:00	trump impeached call gop house brought article impeachment president biden joe biden killed poor soldier botched afghanistan pull alone warrant man impeached ukraine afganistan	"Trump was impeached over a ‚òéÔ∏è call! Why has the GOP House not brought Articles of Impeachment against President Biden? 

Joe Biden KILLED those poor soldiers in the botched Afghanistan pull out. That alone should warrant the man being impeached! #Ukraine #Afganistan"	200698213.0		1.63388e+18	['1633876284940877837']	0	0	0	15							negative
3	1203	1203	1.63328e+18	en	everyone	2023-03-08 01:26:22+00:00	rt sagesurge marlon wayans roasting chris rock smith slap selectiveoutrage chrisrocklive chrisrock chrisrocknetflix	"RT @sagesurge: Marlon Wayans roasting Chris Rock about the Will Smith slap.

#selectiveoutrage #ChrisRockLive #ChrisRock #chrisrocknetflix‚Ä¶"	1.09369e+18	[{'type': 'retweeted', 'id': '1632525319973289985'}]	1.63328e+18	['1633277949234364416']	9130	0	0	0							neutral
4	22163	26453	1.63367e+18	en	everyone	2023-03-09 03:18:26+00:00	rt visegrad time west send patriot missile defense system moldova russia keep using moldovan air space av	"RT @visegrad24: It‚Äôs time for the West to send Patriot Missile Defense Systems to Moldova too.

Russia keeps using Moldovan air space to av‚Ä¶"	4060962981.0	[{'type': 'retweeted', 'id': '1633639497408696326'}]	1.63367e+18	['1633668541122592768']	155	0	0	0							neutral
5	4246	4246	1.63303e+18	en	everyone	2023-03-07 08:56:35+00:00	rt tasterreblanche sagesurge also said chrisrockselectiveoutrage chrisrocklive http co mm n yv	RT @Tasterreblanche: @sagesurge He also saidü§∑üèª‚Äç‚ôÇÔ∏è #ChrisRockSelectiveOutrage  #ChrisRockLive https://t.co/26Mm0n2yv5	1.21436e+18	[{'type': 'retweeted', 'id': '1632830373305409538'}]	1.63303e+18	['1633028860735369216']	237	0	0	0							neutral
6	7711	12001	1.63397e+18	en	everyone	2023-03-09 22:57:38+00:00	rt probit exchange asked chatgpt make five bold prediction future crypto next ten year	"RT @ProBit_Exchange: üí° We asked ChatGPT to make five bold predictions about the future of crypto over the next ten years.

üîÆ Here's what it‚Ä¶"	1.41899e+18	[{'type': 'retweeted', 'id': '1631538158713311232'}]	1.63397e+18	['1633965293700624387']	11	0	0	0							neutral
7	7083	11373	1.63318e+18	en	everyone	2023-03-09 23:21:59+00:00	chicksonright xaviaerd chatgpt proud race ethnicity proud something outside control rather proud cultural historical contribution made group resilience strength demonstrated group	@chicksonright @XAVIAERD ChatGPT: Being proud of any race or ethnicity, is not about being proud of something that is outside of your control. Rather, it is about being proud of the cultural and historical contributions made by that group, and of the resilience and strength demonstrated by that group.	363778558.0	[{'type': 'replied_to', 'id': '1633185835154546688'}]	1.63397e+18	['1633971424506392579']	0	0	0	5	69666298.0						neutral
8	13971	18261	1.63366e+18	en	everyone	2023-03-09 02:57:23+00:00	rt subrata melania trump far better first lady jill biden amp michelle obama drop agree http co p	RT @SUBRATA30016572: Melania Trump is a far better First Lady than Jill Biden &amp; Michelle Obama was. Drop a ‚ù§ if you Agree!! https://t.co/p4‚Ä¶	1.5197e+18	[{'type': 'retweeted', 'id': '1633650499647057920'}]	1.63366e+18	['1633663243796226050']	138	0	0	0							neutral
9	29475	33765	1.63388e+18	en	everyone	2023-03-09 17:01:26+00:00	rt sonjaende ursula von der leyen said trudeau canada training ukrainian soldier since show	RT @SonjaEnde: What?! üò≥ Ursula von der Leyen just said to Trudeau that Canada has been training Ukrainian soldiers since 2015?! üò± This show‚Ä¶	1364654154.0	[{'type': 'retweeted', 'id': '1633765565666828290'}]	1.63388e+18	['1633875652284940288']	499	0	0	0							neutral
10	3059	3059	1.63312e+18	en	everyone	2023-03-07 15:07:06+00:00	rt sagesurge marlon wayans roasting chris rock smith slap selectiveoutrage chrisrocklive chrisrock chrisrocknetflix	"RT @sagesurge: Marlon Wayans roasting Chris Rock about the Will Smith slap.

#selectiveoutrage #ChrisRockLive #ChrisRock #chrisrocknetflix‚Ä¶"	4551240942.0	[{'type': 'retweeted', 'id': '1632525319973289985'}]	1.63312e+18	['1633122105071132674']	9130	0	0	0							neutral
11	3954	3954	1.63306e+18	en	everyone	2023-03-07 10:55:28+00:00	rt sagesurge marlon wayans roasting chris rock smith slap selectiveoutrage chrisrocklive chrisrock chrisrocknetflix	"RT @sagesurge: Marlon Wayans roasting Chris Rock about the Will Smith slap.

#selectiveoutrage #ChrisRockLive #ChrisRock #chrisrocknetflix‚Ä¶"	8.75071e+17	[{'type': 'retweeted', 'id': '1632525319973289985'}]	1.63306e+18	['1633058779850760192']	9130	0	0	0							neutral
12	7898	12188	1.63396e+18	en	everyone	2023-03-09 22:50:25+00:00	rt rowancheung ai moving fast new product week chatgpt api release top trending tool resource	"RT @rowancheung: AI is moving fast.

Over 100+ new products this week with the ChatGPT API release.

The top 20 trending tools and resource‚Ä¶"	100235438.0	[{'type': 'retweeted', 'id': '1633197599267213313'}]	1.63396e+18	['1633963477877358592']	427	0	0	0							neutral
13	11006	15296	1.63351e+18	en	everyone	2023-03-09 03:23:23+00:00	geraldorivera watch tv easy see fake violence people maga hat still price tag police officer standing around talking football people waiting single file line enter capitol	@GeraldoRivera I didn‚Äôt watch it on tv, I was there. It was easy to see it was fake..The violence was from people with Maga hats that still had on the price tag. Police officers were standing around talking about football while people were waiting in a single file line to enter the capitol.	1.51941e+18	[{'type': 'replied_to', 'id': '1633510940963479552'}]	1.63367e+18	['1633669785060888576']	0	0	0	2	246500501.0						neutral
14	28084	32374	1.63387e+18	en	everyone	2023-03-09 17:05:54+00:00	senblumenthal horrific barbaric attack ukraine missile supersonic ballistic ukraine defend jet patriot imposed protective restriction weapon delivery win war r always step behind delivering weapon u win war	@SenBlumenthal HORRIFIC BARBARIC attack on Ukraine, 81 missiles 6 supersonic ballistic Ukraine can‚Äôt defend üò¢where are the Jets, the Patriots? IMPOSED PROTECTIVE restrictions on weapon deliveries doesn't win a war! We r always 1 or 2 steps behind Delivering weapons .U can't win the war	32300511.0	[{'type': 'replied_to', 'id': '1633866982721191944'}]	1.63388e+18	['1633876776635211776']	0	0	0	12	278124059.0						negative
15	1065	1065	1.6333e+18	en	everyone	2023-03-08 03:10:05+00:00	rt sagesurge marlon wayans roasting chris rock smith slap selectiveoutrage chrisrocklive chrisrock chrisrocknetflix	"RT @sagesurge: Marlon Wayans roasting Chris Rock about the Will Smith slap.

#selectiveoutrage #ChrisRockLive #ChrisRock #chrisrocknetflix‚Ä¶"	1.43519e+18	[{'type': 'retweeted', 'id': '1632525319973289985'}]	1.6333e+18	['1633304051420135426']	9130	0	0	0							neutral
16	9006	13296	1.63395e+18	en	everyone	2023-03-09 22:12:12+00:00	incase mfers believe earlier post chatgpt confirming http co csvucevnfc	Incase mfers didn't believe the earlier post, here's chatgpt confirming https://t.co/cSvuCeVNFC	1.28649e+18		1.63395e+18	['1633953860665372674']	0	2	4	326							negative
17	286	286	1.63364e+18	en	everyone	2023-03-09 01:14:06+00:00	must read important notice different fixed match prediction match jisoocomingsoonposter jeffsatur yemicregx blackpink chrisrocklive http co jmpvyjr s	"YOU MUST READ¬† ‚ÄºÔ∏è‚ÄºÔ∏è‚ÄºÔ∏è‚ÄºÔ∏è
IMPORTANT NOTICE DIFFERENT BETWEEN FIXED MATCH AND PREDICTION MATCH ‚ÄºÔ∏è‚ÄºÔ∏è‚ÄºÔ∏è‚ÄºÔ∏è‚ÄºÔ∏è‚ÄºÔ∏è +2348162198031 #JISOOComingSoonPoster #JeffSatur #YemiCregx #BLACKPINK #ChrisRockLive https://t.co/jMPVyjR1Ss"	1.63167e+18		1.63364e+18	['1633637250419367937']	3	0	5	67							neutral
18	31352	35642	1.63366e+18	en	everyone	2023-03-09 16:55:36+00:00	jim walsh trust willcompton lmao wearing mask pic got ukraine flag name need know	@jim_walsh_trust @_willcompton Lmao you‚Äôre wearing a mask in your pic and got a Ukraine flag in your name. All we need to know.	1.4655e+18	[{'type': 'replied_to', 'id': '1633659960352546818'}]	1.63387e+18	['1633874185146748928']	0	0	0	11	1.22e+18						negative
19	5862	10152	1.63398e+18	en	everyone	2023-03-10 00:09:41+00:00	rt mark k breaking microsoft cto announces gpt coming next week model multimodal including video feature ai ch	"RT @mark_k: BREAKING: .@Microsoft CTO announces: GPT-4 is coming next week!
The model will be multimodal, including video features.
#AI #Ch‚Ä¶"	1.36253e+18	[{'type': 'retweeted', 'id': '1633901801643622411'}]	1.63398e+18	['1633983425521635328']	288	0	0	0							positive
20	9377	13667	1.63395e+18	en	everyone	2023-03-09 22:01:35+00:00	chatgpt successor go cool tool matthew salganik msalganik freedom tinker princetoncitp http co fbxd oqt	Can ChatGPT‚Äîand its successors‚Äîgo from cool to tool? By Matthew Salganik @msalganik / Freedom to Tinker - @PrincetonCITP  https://t.co/fBxD2OqT8M	14330959.0		1.63395e+18	['1633951187694235648']	0	0	0	82							neutral
21	22140	26430	1.63367e+18	en	everyone	2023-03-09 03:18:33+00:00	rt nytimes breaking news widespread missile attack explosion reported across ukraine early thursday air raid siren sou	RT @nytimes: Breaking News: Widespread missile attacks and explosions were reported across Ukraine early Thursday, with air raid sirens sou‚Ä¶	53112732.0	[{'type': 'retweeted', 'id': '1633666448429314051'}]	1.63367e+18	['1633668570625499136']	40	0	0	0							negative
22	24895	29185	1.63363e+18	en	everyone	2023-03-09 00:31:28+00:00	rt sahilkapur new senate vote pas gop led resolution overturn dc recent crime law democrat split passed	"RT @sahilkapur: NEW: Senate votes 81-14 to pass a GOP-led resolution to overturn DC's recent crime law, after Democrats split.

It passed t‚Ä¶"	11856892.0	[{'type': 'retweeted', 'id': '1633625089580367872'}]	1.63363e+18	['1633626520798240769']	10	0	0	0							neutral
23	1637	1637	1.63323e+18	en	everyone	2023-03-07 22:08:15+00:00	rt sagesurge marlon wayans roasting chris rock smith slap selectiveoutrage chrisrocklive chrisrock chrisrocknetflix	"RT @sagesurge: Marlon Wayans roasting Chris Rock about the Will Smith slap.

#selectiveoutrage #ChrisRockLive #ChrisRock #chrisrocknetflix‚Ä¶"	1.1457e+18	[{'type': 'retweeted', 'id': '1632525319973289985'}]	1.63323e+18	['1633228090896789506']	9130	0	0	0							neutral
24	31564	35854	1.63383e+18	en	everyone	2023-03-09 16:55:00+00:00	henryharte mak nafo fella gen milley said ukraine lost k back november	@henryharte17 @Maks_NAFO_FELLA Gen Milley said Ukraine lost 100k back In November	1.51872e+18	[{'type': 'replied_to', 'id': '1633871901041754117'}]	1.63387e+18	['1633874035124871169']	0	1	0	20	1.29e+18						neutral
25	21361	25651	1.63367e+18	en	everyone	2023-03-09 03:23:46+00:00	house member staff personal data compromised health insurer breach http co rxskqpzixi usa canada bitcoin cryptocurrency russia ukraine india uk france business israel china iran turkey	"House members, staff personal data compromised in health insurer breach https://t.co/RxSkqPzIXi
#USA #Canada #Bitcoin #Cryptocurrency #Russia #Ukraine #India #UK #France #Business #Israel #China #Iran #Turkey"	1.5169e+18		1.63367e+18	['1633669880460488705']	0	0	0	2							neutral
26	28858	33148	1.63388e+18	en	everyone	2023-03-09 17:03:27+00:00	rt btudbubble plea grow desperate u turn tide ukraine war russia soon credibi	RT @BTudbubble: These pleas will grow more desperate, if the US does not turn the tide of its Ukraine war against Russia, soon. The credibi‚Ä¶	803208264.0	[{'type': 'retweeted', 'id': '1633875431349968896'}]	1.63388e+18	['1633876161553137664']	1	0	0	0							negative
27	11777	16067	1.63352e+18	en	everyone	2023-03-09 03:13:19+00:00	killiansdad mikesmalltalk elonmusk lukewearechange stevenvoiceover neither fool watched different channel day including fox news try lecturing berating maga nonsense	@killiansdad66 @MikeSmalltalk @elonmusk @Lukewearechange @stevenvoiceover Neither were you, you fool! I watched 4 different channels that day, including FOX NEWS. Don‚Äôt try lecturing and berating me with your MAGA nonsense. üôÑ	8.20577e+17	[{'type': 'replied_to', 'id': '1633589817308237824'}]	1.63367e+18	['1633667250766118914']	0	0	0	3	1.05e+18						negative
28	5887	10177	1.63398e+18	en	everyone	2023-03-10 00:08:42+00:00	architecting golden age plea help chatgpt http co bmvowp tay http co uez rbu v	"""Architecting the Golden Age: A plea for help to ChatGPT"": 
https://t.co/BMVOwP8tay https://t.co/UEz93RbU1v"	55730801.0		1.63398e+18	['1633983180226301953']	0	0	0	3							neutral
29	25360	29650	1.63357e+18	en	everyone	2023-03-08 21:06:05+00:00	usual collection freak arguing dc statehood congress allow reduce penalty crime like carjacking http co k mxoz fpt	Usual collection of freaks arguing for DC Statehood because Congress won‚Äôt allow them to reduce penalties for crimes like carjacking. https://t.co/k3MXoZ2fPt	9.75008e+17	[{'type': 'quoted', 'id': '1633528655501574145'}]	1.63357e+18	['1633574834557820932']	0	0	0	69							negative
30	28397	32687	1.63388e+18	en	everyone	2023-03-09 17:04:52+00:00	rt militarylandnet poland transfer remaining leopard tank ukraine say polish minister defense mariusz blaszczak	RT @Militarylandnet: üóûÔ∏èüáµüá± Poland transfers the remaining 10 Leopard 2 tanks to Ukraine, says Polish Minister of Defense Mariusz Blaszczak.‚Ä¶	1.01806e+18	[{'type': 'retweeted', 'id': '1633778642567217152'}]	1.63388e+18	['1633876517657923584']	23	0	0	0							neutral
31	9118	13408	1.63395e+18	en	everyone	2023-03-09 22:08:51+00:00	email b testing http co fflhomxkem chatgpt chatgptprompts chatbot chatbotai aichatbot ai artificialintelligence aiprompts prompt writingprompts ideaprompts creativeprompts http co vqxekrdk	Email A/B testing 11 üëáüëâ https://t.co/FFLhOMxkeM #chatgpt #chatgptprompts #chatbot #chatbotai #aichatbot #ai #artificialintelligence #aiprompts #prompts #writingprompts #ideaprompts #creativeprompts https://t.co/d0vQXeKrDK	9.22942e+17		1.63395e+18	['1633953016574529537']	0	0	0	3							neutral
32	21642	25932	1.63367e+18	en	everyone	2023-03-09 03:21:55+00:00	rt stellaescotv ny time report new intelligence reviewed u official show pro ukrainian group carried attack nord	RT @StellaEscoTV: NY Times reports new intelligence reviewed by U.S. officials shows a pro-Ukrainian group carried out the attack on Nord S‚Ä¶	7.94683e+17	[{'type': 'retweeted', 'id': '1633554966051966986'}]	1.63367e+18	['1633669415345504257']	57	0	0	0							neutral
33	9507	13797	1.63395e+18	en	everyone	2023-03-09 21:57:43+00:00	ho litigato pure con chatgpt	Ho litigato pure con chatgpt	328680184.0		1.63395e+18	['1633950214766690305']	0	1	1	67							neutral
34	20640	24930	1.63367e+18	en	everyone	2023-03-09 03:28:24+00:00	rt democracynow russia jail blogger criticism war ukraine http co xlqg lgh	RT @democracynow: Russia Jails Blogger over Criticism of War on Ukraine https://t.co/Xlqg9o3lgh	470868113.0	[{'type': 'retweeted', 'id': '1633666920489840641'}]	1.63367e+18	['1633671047420469249']	9	0	0	0							negative
35	31979	36269	1.63387e+18	en	everyone	2023-03-09 16:53:38+00:00	rt mrfukkew ukraine emergency service repaired power grid connected zaporizhzhia nuclear power plant missile attac	"RT @MrFukkew: #Ukraine's Emergency Service repaired the power grid that is connected to Zaporizhzhia Nuclear Power Plant. 

üá∑üá∫missile attac‚Ä¶"	1.44285e+18	[{'type': 'retweeted', 'id': '1633837329826856960'}]	1.63387e+18	['1633873689107152896']	5	0	0	0							neutral
36	13599	17889	1.63367e+18	en	everyone	2023-03-09 03:04:27+00:00	rt gregrubini boom ukraine corruption john kerry u trying get rid prosecutor joe biden obama	"RT @GregRubini: BOOM !!   -   Ukraine corruption
John Kerry: ""All of us were trying to get rid of that Prosecutor: me, Joe Biden and Obama""‚Ä¶"	8.23652e+17	[{'type': 'retweeted', 'id': '1320412175421394947'}]	1.63367e+18	['1633665022009176066']	6757	0	0	0							negative
37	10486	14776	1.63394e+18	en	everyone	2023-03-09 21:28:04+00:00	viralrabbi according chatgpt list alleged information regarding mutantapeyachtclub mayc mutant ape yacht club mayc collection unique pixel art ape mayc created artist entrepreneur bored ape http co oyx ssapa	"üî¥ #ViralRabbi #According #To #ChatGPT, #here #is #a #list #of #alleged #information #regarding #MutantApeYachtClub (#MAYC):
    1. Mutant Ape Yacht Club (MAYC) is a collection of 20,000 unique 3D pixel art apes.
    2. MAYC was created by the artist and entrepreneur, Bored Ape‚Ä¶ https://t.co/OYx6ssAPA7"	1.38122e+18		1.63394e+18	['1633942754291228672']	0	0	0	28							neutral
38	16545	20835	1.22893e+18	en	everyone	2023-03-09 02:09:07+00:00	heathenonearth kaysandiego roni potus hater obama way better president trump got elected twice trump one term sore loser handle truth	"@HeathenOnEarth_ @kaysandiego @Roni4488 @POTUS The haters are out there. Obama was a way better president than trump and got elected twice!üòÑüòÑüòÑ
Trump is a one term sore loser who can't handle the truth!  üòÜüòÜüòÜüòÜ"	8.12528e+17	[{'type': 'replied_to', 'id': '1230051555140870145'}]	1.63365e+18	['1633651094776606722']	0	0	1	5	9.75e+17						negative
39	7556	11846	1.63397e+18	en	everyone	2023-03-09 23:02:34+00:00	chatgpt bury siri good apple move fast techradar http co qri j hpk	ChatGPT will bury Siri for good if Apple doesn't move fast - TechRadar https://t.co/qri4JS9hpk	1.5618e+18		1.63397e+18	['1633966534250106881']	0	0	0	3							neutral
40	9288	13578	1.63395e+18	en	everyone	2023-03-09 22:04:23+00:00	rt digitaltrends chatgpt invented hit puzzle game called sumplete could rival wordle one problem already exist	RT @DigitalTrends: #ChatGPT invented a hit puzzle game called #Sumplete that could rival Wordle. There's just one problem: It already exist‚Ä¶	125134601.0	[{'type': 'retweeted', 'id': '1633882983441772544'}]	1.63395e+18	['1633951892865728514']	2	0	0	0							neutral
41	18087	22377	1.63368e+18	en	everyone	2023-03-09 03:44:59+00:00	rt igorsushko russia wtf wrong country http co qrd xesx	RT @igorsushko: #RUSSIA: WTF is wrong with this country. https://t.co/QRd6O2xeSX	875045184.0	[{'type': 'retweeted', 'id': '1633321890638102529'}]	1.63368e+18	['1633675220648357889']	277	0	0	0							negative
42	1697	1697	1.63322e+18	en	everyone	2023-03-07 21:45:27+00:00	rt sagesurge marlon wayans roasting chris rock smith slap selectiveoutrage chrisrocklive chrisrock chrisrocknetflix	"RT @sagesurge: Marlon Wayans roasting Chris Rock about the Will Smith slap.

#selectiveoutrage #ChrisRockLive #ChrisRock #chrisrocknetflix‚Ä¶"	1.37386e+18	[{'type': 'retweeted', 'id': '1632525319973289985'}]	1.63322e+18	['1633222352824573954']	9130	0	0	0							neutral
43	14843	19133	1.63366e+18	en	everyone	2023-03-09 02:40:34+00:00	rt tomfitton obama knew clinton knew biden knew comey knew brennan knew mccabe knew strzok knew clapper knew schiff knew fbi knew	RT @TomFitton: Obama knew. Clinton knew. Biden knew. Comey knew. Brennan knew. McCabe knew. Strzok knew.Clapper knew.Schiff knew.FBI knew.D‚Ä¶	1.51875e+18	[{'type': 'retweeted', 'id': '1633625411845345280'}]	1.63366e+18	['1633659008132456448']	3316	0	0	0							neutral
44	21349	25639	1.63367e+18	en	everyone	2023-03-09 03:23:49+00:00	rt kimdotcom u govt funded research created covid killed million blew nordstream pipeline act int	RT @KimDotcom: The US Govt funded the research that created Covid-19 and killed millions, blew up the NordStream pipelines in an act of int‚Ä¶	1.1662e+18	[{'type': 'retweeted', 'id': '1633517462137475072'}]	1.63367e+18	['1633669895807467520']	3081	0	0	0							negative
45	18095	22385	1.63368e+18	en	everyone	2023-03-09 03:44:57+00:00	rt realmattcouch support russia support ukraine support tyrannical regime white house	"RT @RealMattCouch: I don't Support Russia... 
I don't Support the Ukraine.. 
I don't support this Tyrannical Regime in the White House..‚Ä¶"	65643848.0	[{'type': 'retweeted', 'id': '1633246342960107521'}]	1.63368e+18	['1633675211580256258']	250	0	0	0							negative
46	26876	31166	1.63314e+18	en	everyone	2023-03-07 16:22:56+00:00	hooking statehood helping either cause instead one lead weight tie two lead weight sinking body leadership standpoint vindication mayor say told ya would better negotiated winning solution http co flcubrkavn	"Hooking this up to statehood isn't helping either cause. Instead of one lead weight you tie two lead weights to the sinking body. And, from a leadership standpoint, is it vindication for the mayor to say ""told 'ya so""? Or would it better if she had negotiated a winning solution? https://t.co/FLcuBrKavn"	570161497.0	[{'type': 'quoted', 'id': '1632900452017659905'}]	1.63314e+18	['1633141187694452743']	1	0	3	506							negative
47	18684	22974	1.63367e+18	en	everyone	2023-03-09 03:41:26+00:00	russia ukraine war expect kalingatv russia ukraine america britain bakhmutmeatgrinder http co wsntplrfs	"Russia-Ukraine War: What To Expect In 2023? || KalingaTV
#Russia #Ukraine #America #Britain #BakhmutMeatGrinder https://t.co/wSNTplrFs6"	1.62693e+18		1.63367e+18	['1633674327210991619']	0	0	0	54							neutral
48	31882	36172	1.63366e+18	en	everyone	2023-03-09 16:53:58+00:00	mgcanmore charliekirk ukrainian american including country want truth ever since biden troll taking everything truth leave america talk real american stick corrupt ukraine handle corrupt	@mgcanmore @charliekirk11 You‚Äôre more Ukrainian than American. ‚ÄúOur‚Äù, not including you, country wants the truth and ever since Biden and his trolls taking over it‚Äôs been everything but the truth. Leave the America talk to real Americans. You just stick to corrupt Ukraine, we‚Äôll handle the corrupt here	19819049.0	[{'type': 'replied_to', 'id': '1633658818608627712'}]	1.63387e+18	['1633873773941395456']	0	0	0	8	1908805122.0						negative
49	8179	12469	1.63295e+18	en	everyone	2023-03-09 22:39:55+00:00	abacusai picking chatgpt brain create similar solution people company best wish	"@abacusai I'd been picking ChatGPT's brain on how to create a similar solution for people and companies and y'all did it ‚ù§Ô∏è
Best wishes!"	1.49789e+18	[{'type': 'replied_to', 'id': '1632945817115041792'}]	1.63396e+18	['1633960835486994432']	0	0	0	9	1.12e+18						positive
50	20918	25208	1.63367e+18	en	everyone	2023-03-09 03:26:35+00:00	rt nytimes breaking news widespread missile attack explosion reported across ukraine early thursday air raid siren sou	RT @nytimes: Breaking News: Widespread missile attacks and explosions were reported across Ukraine early Thursday, with air raid sirens sou‚Ä¶	27314445.0	[{'type': 'retweeted', 'id': '1633666448429314051'}]	1.63367e+18	['1633670589771653122']	40	0	0	0							neutral
51	26725	31015	1.63319e+18	en	everyone	2023-03-07 19:55:06+00:00	rt markjacob tomcottonar tom dc deserves statehood american citizen live larger population vermo	RT @MarkJacob16: @TomCottonAR No, Tom. DC deserves statehood because American citizens live there and it has a larger population than Vermo‚Ä¶	1.49292e+18	[{'type': 'retweeted', 'id': '1631315933640765443'}]	1.63319e+18	['1633194583537451014']	93	0	0	0							neutral
52	29752	34042	1.63388e+18	en	everyone	2023-03-09 17:00:32+00:00	rt kyivindependent georgian authority withdraw controversial bill prompted massive protest foreign agent bill simil	"RT @KyivIndependent: ‚ö°Ô∏èGeorgian authorities withdraw controversial bill that prompted massive protests.

This ""foreign agent"" bill is simil‚Ä¶"	1.0471e+18	[{'type': 'retweeted', 'id': '1633841660609323014'}]	1.63388e+18	['1633875429202489345']	172	0	0	0							neutral
53	25941	30231	1.63347e+18	en	everyone	2023-03-08 14:04:22+00:00	rt nbcnews senate set vote overturn criminal law change passed washington c council republican led measure	RT @NBCNews: The Senate is set to vote  to overturn criminal law changes passed by the Washington, D.C., Council, a Republican-led measure‚Ä¶	1.63347e+18	[{'type': 'retweeted', 'id': '1633456311810637826'}]	1.63347e+18	['1633468705328992257']	14	0	0	0							neutral
54	6771	11061	1.63397e+18	en	everyone	2023-03-09 23:33:48+00:00	rt ihteshamit people struggle implementing automation business fear ai automation guide	"RT @ihteshamit: Most people struggle with implementing automation in their businesses. 

But fear not!

AI automation guide is here with:‚Ä¶"	1.43629e+18	[{'type': 'retweeted', 'id': '1633800046629244929'}]	1.63397e+18	['1633974396187553793']	43	0	0	0							positive
55	15642	19932	1.63365e+18	en	everyone	2023-03-09 02:24:29+00:00	rt nataliegwinters biden rehires obama gain function research risk analyst kind research led covid ht	"RT @nataliegwinters: Biden Rehires Obama‚Äôs ‚ÄòGain Of Function‚Äô Research Risk Analyst.

(The same kind of research that led to COVID-19.)

ht‚Ä¶"	1.55741e+18	[{'type': 'retweeted', 'id': '1529502074467233793'}]	1.63365e+18	['1633654963464441856']	127	0	0	0							negative
56	24155	28445	1.63368e+18	en	everyone	2023-03-09 03:52:53+00:00	rt chuckmodi also history racism dc resident majority black city black power dc	RT @ChuckModi1: ‚ÄúThis is also about the history of racism on DC residents because we have been a majority Black city with Black power. DC S‚Ä¶	7.5328e+17	[{'type': 'retweeted', 'id': '1633598710213910530'}]	1.63368e+18	['1633677208735678464']	6	0	0	0							neutral
57	32114	36404	1.63387e+18	en	everyone	2023-03-09 16:53:11+00:00	russia take east bakhmut ukraine build force russia ukraine war news http co ka tld hxx	Russia takes east Bakhmut as Ukraine builds up forces | Russia-Ukraine war¬†News https://t.co/ka7tLd3Hxx	1.48485e+18		1.63387e+18	['1633873578553933824']	0	0	0	73							neutral
58	890	890	1.63335e+18	en	everyone	2023-03-08 05:53:56+00:00	rt naomisky meghanmarkle must really worried chrisrocklive said racism claim someone reported	RT @NaomiSky_15: #MeghanMarkle must be really worried about what #ChrisRockLive said about her racism claims because someone reported that‚Ä¶	1.56947e+18	[{'type': 'retweeted', 'id': '1633289557390274561'}]	1.63335e+18	['1633345282766409730']	50	0	0	0							negative
59	30027	34317	1.63388e+18	en	everyone	2023-03-09 16:59:48+00:00	situation update major reveal taking place biden regime continues escalate russian ukraine war ricardo bosi matt hancock amp white hat ops australia central bank failing opinion conservative http co jt emgczv	Situation Update - Major Reveal Taking Place As Biden Regime Continues To Escalate Russian-Ukraine War! Ricardo Bosi-Matt Hancock &amp; White Hat Ops In Australia! Central Banks Failing! - We The... | Opinion - Conservative https://t.co/7Jt6eMgCzV	1.61611e+18		1.63388e+18	['1633875241318350852']	0	0	0	22							negative
60	11084	15374	1.63367e+18	en	everyone	2023-03-09 03:22:13+00:00	rt cardon brian jamie raskin md fresh fuck give call nihilistic orwellian ultra maga republican	RT @cardon_brian: Jamie Raskin (D-MD) #Fresh out of fucks to give calls out the nihilistic, Orwellian Ultra Maga Republicans and I am here‚Ä¶	153177381.0	[{'type': 'retweeted', 'id': '1633598051045588999'}]	1.63367e+18	['1633669489463050241']	230	0	0	0							negative
61	27674	31964	1.63388e+18	en	everyone	2023-03-09 17:07:11+00:00	http co ywo cor let clear said blank check ok	"https://t.co/yWo3coR637 
""Let‚Äôs be very clear about what I said: no blank checks, OK?"""	2860325151.0		1.63388e+18	['1633877099110109184']	0	0	0	2							neutral
62	6187	10477	1.63398e+18	en	everyone	2023-03-09 23:56:47+00:00	rt liquidocelotra slack platform team collaboration communication run cloud boost productivity collabo	RT @LiquidOcelotRa3: Slack is a platform for team collaboration and communication that runs in the cloud. To boost productivity and collabo‚Ä¶	1.51961e+18	[{'type': 'retweeted', 'id': '1633932034711203841'}]	1.63398e+18	['1633980182032965632']	45	0	0	0							neutral
63	25250	29540	1.63359e+18	en	everyone	2023-03-08 21:57:15+00:00	rt tomfitton leftist belittle police eve senate vote squelch dc soft crime bill http co wzg yylqd foxnews	RT @TomFitton: Leftists belittle police on eve of Senate vote to squelch DC soft-on-crime bill https://t.co/WZg49YylqD #FoxNews	1.58748e+18	[{'type': 'retweeted', 'id': '1633587310095745029'}]	1.63359e+18	['1633587711515717638']	62	0	0	0							negative
64	6596	10886	1.63385e+18	en	everyone	2023-03-09 23:41:15+00:00	yamayama makadiaharsh saved compiled thread http co dsmai akuv ai generated summary chatgpt ai assisted writing tool help generate idea research topic find challenge create hook write draft edit content also help	"@yamayama0987654 @MakadiaHarsh Saved! Here's the compiled thread: https://t.co/DSMai7Akuv

ü™Ñ AI-generated summary:

""ChatGPT is an AI-assisted writing tool that can help you generate ideas, research topics, find challenges, create hooks, write drafts, and edit content. It can also help you..."	1.3165e+18	[{'type': 'replied_to', 'id': '1633975943890100224'}]	1.63398e+18	['1633976270114418688']	0	1	0	2	9.77e+17						positive
65	27081	31371	1.6328e+18	en	everyone	2023-03-07 13:06:46+00:00	crufreeman senmdbrown yes real http co nagco z	"@crufreeman @SenMDBrown Yes, it's real

https://t.co/NAGco8At7Z"	49826627.0	[{'type': 'replied_to', 'id': '1632991187836493826'}]	1.63309e+18	['1633091822598717442']	0	1	2	32	384963895.0						neutral
66	25279	29569	1.63359e+18	en	everyone	2023-03-08 21:49:04+00:00	protester arrested demonstrator confront police dc statehood rally ahead senate vote crime bill founder never wanted dc state democrat nakedpowergrab sen joemanchin jontester senatorsinema http co crtq tuqpc	"Protester arrested as demonstrators confront police at DC statehood rally ahead of Senate vote on crime bill

OUR FOUNDERS NEVER WANTED DC TO BE A STATE
DemocRats NakedPowerGrab 

‚Å¶@Sen_JoeManchin‚Å©
‚Å¶@jontester‚Å©
‚Å¶@SenatorSinema‚Å©
https://t.co/cRtq2tuQPC"	6.99023e+17		1.63359e+18	['1633585651714236416']	0	0	1	19							negative
67	13111	17401	1.63367e+18	en	everyone	2023-03-09 03:12:51+00:00	rt dadofccx davidhogg either president obama address democratic convention like supernova explosively announcing	RT @dadofccx3: @davidhogg111 Either President Obama‚Äôs address to the 2004 Democratic Convention (like a supernova explosively announcing it‚Ä¶	2796863405.0	[{'type': 'retweeted', 'id': '1633651665181057025'}]	1.63367e+18	['1633667133002448897']	1	0	0	0							neutral
68	1595	1595	1.63323e+18	en	everyone	2023-03-07 22:23:32+00:00	rt sagesurge marlon wayans roasting chris rock smith slap selectiveoutrage chrisrocklive chrisrock chrisrocknetflix	"RT @sagesurge: Marlon Wayans roasting Chris Rock about the Will Smith slap.

#selectiveoutrage #ChrisRockLive #ChrisRock #chrisrocknetflix‚Ä¶"	4899050343.0	[{'type': 'retweeted', 'id': '1632525319973289985'}]	1.63323e+18	['1633231939011330049']	9130	0	0	0							neutral
69	2077	2077	1.63319e+18	en	everyone	2023-03-07 19:39:21+00:00	rt sagesurge marlon wayans roasting chris rock smith slap selectiveoutrage chrisrocklive chrisrock chrisrocknetflix	"RT @sagesurge: Marlon Wayans roasting Chris Rock about the Will Smith slap.

#selectiveoutrage #ChrisRockLive #ChrisRock #chrisrocknetflix‚Ä¶"	424000040.0	[{'type': 'retweeted', 'id': '1632525319973289985'}]	1.63319e+18	['1633190620893425666']	9130	0	0	0							neutral
70	20406	24696	1.63367e+18	en	everyone	2023-03-09 03:29:50+00:00	rt ybarrap fox news edits trump saying might let russia take part ukraine surprised http co ct k wcgpd	"RT @ybarrap: Fox News Edits Out Trump Saying He Might‚Äôve Let Russia ‚ÄòTake Over‚Äô Parts of Ukraine 

Surprised?

https://t.co/Ct6k8WCgpd"	1.1716e+18	[{'type': 'retweeted', 'id': '1633664990841282562'}]	1.63367e+18	['1633671406650023937']	39	0	0	0							negative
71	29207	33497	1.63388e+18	en	everyone	2023-03-09 17:02:17+00:00	bbc news ukraine war russia infrastructure strike strategy working http co easrbls	"BBC News - Ukraine war: Why Russia‚Äôs infrastructure strikes strategy isn‚Äôt working
https://t.co/EASrbLs3LL"	1.51094e+18		1.63388e+18	['1633875867758923781']	0	0	0	29							neutral
72	6489	10779	1.63398e+18	en	everyone	2023-03-09 23:45:12+00:00	team premium available everyone got cool ai feature powered openai people behind chatgpt feature premium microsoft teamspremium openai http co qpyh tbet	Teams Premium is now available to everyone. It‚Äôs got some cool AI features powered by OpenAI, the people behind ChatGPT‚Ä¶ but some features are premium-only #Microsoft #TeamsPremium #OpenAI https://t.co/QPYH5TBet8	725930820.0		1.63398e+18	['1633977264218992641']	0	0	0	7							neutral
73	23561	27851	1.63377e+18	en	everyone	2023-03-09 09:56:15+00:00	maybe instead blaming congress lack statehood council done better explaining content bill may stopped rhetoric http co h kckkoyuw	Maybe instead of blaming Congress and lack of statehood, the Council should‚Äôve done better at explaining the contents of the bill. This may have stopped the rhetoric against it. https://t.co/H3kckkOYuW	1.54179e+18	[{'type': 'quoted', 'id': '1633625655395901447'}]	1.63377e+18	['1633768651265302536']	0	1	0	284							negative
74	24285	28575	1.63366e+18	en	everyone	2023-03-09 03:03:39+00:00	rt lwv stand resident washington dc quest statehood continue advocate american voter r	RT @LWV: We stand with the residents of Washington, DC, in their quest for statehood, as we continue to advocate for all American voters, r‚Ä¶	71977357.0	[{'type': 'retweeted', 'id': '1633627246412824576'}]	1.63366e+18	['1633664819093213184']	20	0	0	0							positive
75	11633	15923	1.63367e+18	en	everyone	2023-03-09 03:15:14+00:00	rt tamieuscongress help defeat maga jim jordan pitching today help sustain people powered movemen	RT @TamieUSCongress: Help me defeat MAGA Jim Jordan in 2024 by pitching in $5, $10, or $15 today to help sustain our people-powered movemen‚Ä¶	2485726615.0	[{'type': 'retweeted', 'id': '1633608144139198464'}]	1.63367e+18	['1633667734398541830']	15	0	0	0							neutral
76	18881	23171	1.62997e+18	en	everyone	2023-03-09 03:40:10+00:00	apocalypseos f philippot nato defensive alliance think moment ukraine member russia would dared invade would peace today u comprehend	@apocalypseos @f_philippot NATO is a defensive alliance.  Just think for a moment ‚Äî if Ukraine was a member Russia would not have dared to invade.  There would be peace today.  Can u comprehend that?	457877579.0	[{'type': 'replied_to', 'id': '1629971131875852288'}]	1.63367e+18	['1633674009115246594']	0	0	0	15	1.23e+18						negative
77	31458	35748	1.63358e+18	en	everyone	2023-03-09 16:55:17+00:00	gaither il jim jordan stop funding ukraine	@Gaither4IL @Jim_Jordan STOP FUNDING UKRAINE	7.39899e+17	[{'type': 'replied_to', 'id': '1633700337285472257'}]	1.63387e+18	['1633874106801356800']	0	0	0	8	8.72e+17						negative
78	22288	26578	1.63394e+18	en	everyone	2023-03-09 20:59:21+00:00	rt oliviadinucci many people street know love amp respect dc city local live capitol peo	RT @oliviadinucci: So many people on the streets here I know, love &amp; respect. DC is a city where locals live not just the Capitol where peo‚Ä¶	8.67127e+17	[{'type': 'retweeted', 'id': '1633545869852278785'}]	1.63394e+18	['1633935526578249728']	62	0	0	0							positive
79	6465	10755	1.63394e+18	en	everyone	2023-03-09 23:45:56+00:00	pauljessup chatgpt us artificial neural net contains synaptic weight learned programmed whereas regular program set machine instruction explicitly programmed human chatgpt call ai agi superhuman	"@pauljessup ChatGPT uses an Artificial Neural Net that contains synaptic weights that were learned, not programmed. Whereas a ""regular program"" is a set of machine instructions that were explicitly programmed by a human. ChatGPT is not that, so we call it AI. But it's not AGI (superhuman)."	430965753.0	[{'type': 'replied_to', 'id': '1633938678153191428'}]	1.63398e+18	['1633977450542641152']	0	1	0	3	14079203.0						neutral
80	13308	17598	1.63367e+18	en	everyone	2023-03-09 03:09:14+00:00	rt tomfitton obama knew clinton knew biden knew comey knew brennan knew mccabe knew strzok knew clapper knew schiff knew fbi knew	RT @TomFitton: Obama knew. Clinton knew. Biden knew. Comey knew. Brennan knew. McCabe knew. Strzok knew.Clapper knew.Schiff knew.FBI knew.D‚Ä¶	1.51933e+18	[{'type': 'retweeted', 'id': '1633625411845345280'}]	1.63367e+18	['1633666222360342528']	3316	0	0	0							neutral
81	18969	23259	1.63367e+18	en	everyone	2023-03-09 03:39:35+00:00	rt kimdotcom u govt funded research created covid killed million blew nordstream pipeline act int	RT @KimDotcom: The US Govt funded the research that created Covid-19 and killed millions, blew up the NordStream pipelines in an act of int‚Ä¶	1.14082e+18	[{'type': 'retweeted', 'id': '1633517462137475072'}]	1.63367e+18	['1633673861479669766']	3081	0	0	0							negative
82	6665	10955	1.63398e+18	en	everyone	2023-03-09 23:38:38+00:00	rt mtaibbi chatgpt testified would called direct threat lol	RT @mtaibbi: If ChatGPT testified to this it would have been called a ‚Äúdirect threat,‚Äù too lol.	1.59924e+18	[{'type': 'retweeted', 'id': '1633934237815431168'}]	1.63398e+18	['1633975612305182720']	455	0	0	0							neutral
83	13040	17330	1.63367e+18	en	everyone	2023-03-09 03:13:59+00:00	rt kylenabecker everything america seeing today due electing communist po barack obama	RT @kylenabecker: Everything America is seeing today is due to electing that communist POS Barack Obama	2510550047.0	[{'type': 'retweeted', 'id': '1633569433007341568'}]	1.63367e+18	['1633667418299023362']	201	0	0	0							negative
84	31390	35680	1.63387e+18	en	everyone	2023-03-09 16:55:30+00:00	rt ricwe u nato orchestration maidan coup ukraine victoria nuland hand every u intervention pa	"RT @ricwe123: The US/NATO orchestration of the 2014 Maidan coup in Ukraine. 
Victoria Nuland had a hand in every US intervention in the pas‚Ä¶"	1483594860.0	[{'type': 'retweeted', 'id': '1633785840844386305'}]	1.63387e+18	['1633874158764294145']	493	0	0	0							negative
85	18251	22541	1.59161e+18	en	everyone	2023-03-09 03:44:03+00:00	charlesdomini standard twitter user completely incapable listening anyone else opinion able attack others without thought fear consequence charles know ukraine unjustly attacked russia would still attacking people twitter truth	"@CharlesDomini3 You are a standard Twitter user, completely incapable of listening to anyone else‚Äôs opinions, able to attack others without thought, or fear of consequence 

Charles and I know, if Ukraine was not unjustly attacked by Russia, he would still be attacking people on Twitter.
#Truth."	1.62595e+18	[{'type': 'replied_to', 'id': '1591608694021980160'}]	1.63367e+18	['1633674987621044226']	0	0	0	3	1.51e+18						negative
86	23361	27651	1.63381e+18	en	everyone	2023-03-09 12:25:54+00:00	rt asmatasleem smt sonia gandhi stood people telangana dreamt separate statehood credit upa chairperson self	RT @asmatasleem13: Smt. Sonia Gandhi stood by the people of Telangana who dreamt separate statehood. All credit to UPA chairperson for self‚Ä¶	1.37858e+18	[{'type': 'retweeted', 'id': '1633783863070826497'}]	1.63381e+18	['1633806314978811906']	22	0	0	0							positive
87	24882	29172	1.63363e+18	en	everyone	2023-03-09 00:33:54+00:00	funny dc council passed criminal law code awful senate dems joe biden decided backpedal push dc statehood overrule http co kroczhxeah	This is so funny to me, the DC council passed a criminal law code that‚Äôs so awful that most Senate Dems and Joe Biden have decided to backpedal on the push for DC statehood to overrule it.  https://t.co/KroCZhxEAh	1.36471e+18		1.63363e+18	['1633627134626344960']	0	0	0	21							negative
88	18097	22387	1.63368e+18	en	everyone	2023-03-09 03:44:57+00:00	rt robin hoodsband russia road victory evil nato nazi http co oiftdg u f	RT @Robin_Hoodsband: Russia is on the road to victory against evil NATO and the Nazi's https://t.co/OiFtdg5U6F	2287967908.0	[{'type': 'retweeted', 'id': '1633500528234594305'}]	1.63368e+18	['1633675210929971201']	53	0	0	0							positive
89	26246	30536	1.63333e+18	en	everyone	2023-03-08 05:03:24+00:00	rt maxnordau mayor tallahassee tried use local police pressure state lawmaker florida legislature would enact polic	RT @MaxNordau: If the mayor of Tallahassee tried to use local police to pressure state lawmakers, the Florida legislature would enact polic‚Ä¶	1.06628e+18	[{'type': 'retweeted', 'id': '1633208052940775430'}]	1.63333e+18	['1633332565951107074']	6	0	0	0							neutral
90	12263	16553	1.63367e+18	en	everyone	2023-03-09 03:30:08+00:00	rt jhholliday ag garland damn liar blessing obama never got democrat hack supreme court panic	"RT @JHHolliday3: AG Garland is a damn liar and it was a blessing that Obama never got this Democrat hack on the Supreme Court...

Panic in‚Ä¶"	1928636677.0	[{'type': 'retweeted', 'id': '1633341182125424641'}]	1.63367e+18	['1633671482684461057']	1	0	0	0							negative
91	18200	22490	1.63368e+18	en	everyone	2023-03-09 03:44:23+00:00	rt usa anne russia nuclear submarine deployed u coast spark alarm united state commander military observer soundi	"RT @USA_Anne711: Russia Nuclear Submarines Deployed Off U.S. Coast Spark Alarm¬†

United States commanders and military observers are soundi‚Ä¶"	2297338710.0	[{'type': 'retweeted', 'id': '1633529644774293504'}]	1.63368e+18	['1633675067690479620']	31	0	0	0							neutral
92	6471	10761	1.63398e+18	en	everyone	2023-03-09 23:45:42+00:00	rt mattprd million people using chatgpt people using right transform daily w	"RT @MattPRD: More than 1 million people are using ChatGPT. 

But 99% of people aren't using it right.

Here's how to transform your daily w‚Ä¶"	1.1435e+18	[{'type': 'retweeted', 'id': '1610710475276439554'}]	1.63398e+18	['1633977392883712000']	4866	0	0	0							neutral
93	5998	10288	1.63398e+18	en	everyone	2023-03-10 00:03:45+00:00	rt sparvell listen experimenting safely chatgpt essential question every educator need ask sparvell bamradionetwor	RT @sparvell: [LISTEN] Experimenting Safely With ChatGPT: 10 Essential Questions Every Educator Needs to Ask with @sparvell @bamradionetwor‚Ä¶	312254125.0	[{'type': 'retweeted', 'id': '1633980200940871680'}]	1.63398e+18	['1633981935218491395']	2	0	0	0							neutral
94	8528	12818	1.63396e+18	en	everyone	2023-03-09 22:27:48+00:00	rt rowancheung make personal chatgpt pdf document talk ask question cheat code student	"RT @rowancheung: How to make your own personal ChatGPT from PDF documents, that you can talk and ask questions to:

(cheat code for student‚Ä¶"	8.92086e+17	[{'type': 'retweeted', 'id': '1633868758530883584'}]	1.63396e+18	['1633957788526456835']	197	0	0	0							neutral
95	3662	3662	1.63308e+18	en	everyone	2023-03-07 12:25:43+00:00	rt thewantonwench say need break harry meghan welcome hope back via chrisro	"RT @TheWantonWench: When you say ‚ÄúI need a break from Harry and Meghan and this is what welcomes you, when you hope back in ü§£ü§£
Via #ChrisRo‚Ä¶"	941666767.0	[{'type': 'retweeted', 'id': '1632893264494772226'}]	1.63308e+18	['1633081489888772097']	83	0	0	0							neutral
96	5822	10112	1.63398e+18	en	everyone	2023-03-10 00:11:37+00:00	currently ask people question get response google make rather sad future expectation talking chatgpt ai people	"Currently if I ask people questions, what I get in response is ‚Äúyou can just google it.‚Äù

It makes me rather sad for the future where the expectation will be that I do more ‚Äòtalking‚Äô to chatgpt or ai than I do to people."	1.55601e+18		1.63398e+18	['1633983913688195072']	0	0	0	2							negative
97	27546	31836	1.63388e+18	en	everyone	2023-03-09 17:07:31+00:00	rt theatlantic contrary conventional wisdom scholarship suggests ukrainian citizen may paradoxically benefit u suppo	"RT @TheAtlantic: ""Contrary to the conventional wisdom,¬†scholarship suggests that Ukrainian citizens may paradoxically benefit from us suppo‚Ä¶"	109982213.0	[{'type': 'retweeted', 'id': '1633350595225550849'}]	1.63388e+18	['1633877183075876864']	7	0	0	0							neutral
98	9347	13637	1.63395e+18	en	everyone	2023-03-09 22:02:38+00:00	chatgpt api good cheap make text generating ai tech obsolete minimaxir http co wwf cdewr	"#ChatGPT's #API is so good and cheap it makes most text-generating #AI techs obsolete!

- by @minimaxir

https://t.co/Wwf6cDeWR3"	19628766.0		1.63395e+18	['1633951454544248839']	0	1	16	1700							positive
99	10556	14846	1.63394e+18	en	everyone	2023-03-09 21:25:56+00:00	rt flutterflow learn integrate openai chatgpt api flutterflow app follow detailed instruction integration	"RT @flutterflow: üöÄ Learn how to integrate @OpenAI's ChatGPT API into your @flutterflow app!

Follow detailed instructions on integration an‚Ä¶"	115498055.0	[{'type': 'retweeted', 'id': '1633889704578826255'}]	1.63394e+18	['1633942217688510466']	9	0	0	0							neutral
