	Unnamed: 0	conversation_id	lang	reply_settings	created_at	clean_text	text	author_id	referenced_tweets	id	edit_history_tweet_ids	public_metrics.retweet_count	public_metrics.reply_count	public_metrics.like_count	public_metrics.impression_count	in_reply_to_user_id	geo.place_id	withheld.copyright	withheld.country_codes	geo.coordinates.type	geo.coordinates.coordinates	textblob_Polarity	textblob_Subjectivity	vader_Polarity	vader_Subjectivity	AFINN_scores	AFINN_sentiments	SentiWordNet_scores	normalized_textblob_Polarity	normalized_textblob_Subjectivity	normalized_vader_Polarity	normalized_vader_Subjectivity	normalized_AFINN_scores	normalized_SentiWordNet_scores	our_label_mel	annotator	roberta_content	roberta_polarity	roberta_sentiment	keyword	normalized_roberta_polarity	textblob_label	vader_label	AFINN_label	SentiWordNet_label	roberta_label	our_label_sarik	our_label	our_label_anu
0	13190	1633665401883332608	en	everyone	3/9/23 3:05	rt  eladnehorai too many liberals are sleeping on rising fascism because of a few national political wins  just as they did when obama was	RT @EladNehorai: Too many liberals are sleeping on rising fascism because of a few national political wins, just as they did when Obama was‚Ä¶	2360557134.0	[{'type': 'retweeted', 'id': '1633632434972663808'}]	1.63367e+18	['1633665401883332608']	337	0	0	0							0.433333333	0.333333333	0.5859	0.275	4	positive	1.0	0.716666667	0.333333333	0.795897696	0.306919643	0.571428571	0.53968254	negative	melissa	RT @user Too many liberals are sleeping on rising fascism because of a few national political wins, just as they did when Obama was‚Ä¶	-0.635148943	negative	obama	0.07267254	positive	positive	neutral	neutral	negative	negative	negative	negative
1	7555	1633965977665966080	en	everyone	3/9/23 23:00	chatgpt msi a520ma pro am4 micro atx motherboard 10726 delivered   amazon uk via au https  tco ss6acztdf7	ChatGPT: MSI A520M-A Pro AM4 Micro ATX Motherboard $107.26 Delivered @ Amazon UK via AU https://t.co/ss6ACZTdF7	6791062.0		1.63397e+18	['1633965977665966080']	0	0	0	160							0.0	0.0	0.1779	0.108	0	neutral	0.0	0.5	0.0	0.589263105	0.120535714	0.489795918	0.412698413	neutral	melissa	ChatGPT: MSI A520M-A Pro AM4 Micro ATX Motherboard $107.26 Delivered @ Amazon UK via AU http	0.20696649	neutral	chatgpt	0.633469971	neutral	neutral	neutral	neutral	positive	neutral	neutral	neutral
2	1728	1633219223626432512	en	everyone	3/7/23 21:33	rt  sagesurge marlon wayans roasting chris rock about the will smith slap#selectiveoutrage #chrisrocklive #chrisrock #chrisrocknetflix	"RT @sagesurge: Marlon Wayans roasting Chris Rock about the Will Smith slap.

#selectiveoutrage #ChrisRockLive #ChrisRock #chrisrocknetflix‚Ä¶"	318072122.0	[{'type': 'retweeted', 'id': '1632525319973289985'}]	1.63322e+18	['1633219223626432512']	9130	0	0	0							0.0	0.0	0.1531	0.118	0	neutral	0.0	0.5	0.0	0.576702963	0.131696429	0.489795918	0.412698413	neutral	melissa	"RT @user Marlon Wayans roasting Chris Rock about the Will Smith slap.

#selectiveoutrage #ChrisRockLive #ChrisRock #chrisrocknetflix‚Ä¶"	-0.327477396	negative	#chrisrocklive	0.277562994	neutral	neutral	neutral	neutral	negative	negative	neutral	neutral
3	29831	1633874107552108544	en	everyone	3/9/23 16:55	rt  visegrad24 its time for the west to send patriot missile defense systems to moldova toorussia keeps using moldovan air space to av	"RT @visegrad24: It‚Äôs time for the West to send Patriot Missile Defense Systems to Moldova too.

Russia keeps using Moldovan air space to av‚Ä¶"	1.49706e+18	[{'type': 'retweeted', 'id': '1633639497408696326'}]	1.63387e+18	['1633874107552108545']	395	0	0	0							0.0	0.0	0.128	0.086	0	neutral	0.0	0.5	0.0	0.563990884	0.095982143	0.489795918	0.412698413	neutral	melissa	"RT @user It‚Äôs time for the West to send Patriot Missile Defense Systems to Moldova too.

Russia keeps using Moldovan air space to av‚Ä¶"	-0.099667989	neutral	ukraine	0.429270142	neutral	neutral	neutral	neutral	neutral	neutral	neutral	neutral
4	1632	1633227958260473856	en	everyone	3/7/23 22:07	rt  sagesurge marlon wayans roasting chris rock about the will smith slap#selectiveoutrage #chrisrocklive #chrisrock #chrisrocknetflix	"RT @sagesurge: Marlon Wayans roasting Chris Rock about the Will Smith slap.

#selectiveoutrage #ChrisRockLive #ChrisRock #chrisrocknetflix‚Ä¶"	1.52284e+18	[{'type': 'retweeted', 'id': '1632525319973289985'}]	1.63323e+18	['1633227958260473856']	9130	0	0	0							0.0	0.0	0.1531	0.118	0	neutral	0.0	0.5	0.0	0.576702963	0.131696429	0.489795918	0.412698413	neutral	melissa	"RT @user Marlon Wayans roasting Chris Rock about the Will Smith slap.

#selectiveoutrage #ChrisRockLive #ChrisRock #chrisrocknetflix‚Ä¶"	-0.327477396	negative	#chrisrocklive	0.277562994	neutral	neutral	neutral	neutral	negative	negative	neutral	neutral
5	12348	1633669690164740096	en	everyone	3/9/23 3:23	rt  tomfitton obama knew clinton knew biden knew comey knew brennan knew mccabe knew strzok knewclapper knewschiff knewfbi knewd	RT @TomFitton: Obama knew. Clinton knew. Biden knew. Comey knew. Brennan knew. McCabe knew. Strzok knew.Clapper knew.Schiff knew.FBI knew.D‚Ä¶	1.59114e+18	[{'type': 'retweeted', 'id': '1633625411845345280'}]	1.63367e+18	['1633669690164740098']	3314	0	0	0							0.0	0.0	0.0	0.0	0	neutral	0.0	0.5	0.0	0.499164345	0.0	0.489795918	0.412698413	neutral	melissa	RT @user Obama knew. Clinton knew. Biden knew. Comey knew. Brennan knew. McCabe knew. Strzok knew.Clapper knew.Schiff knew.FBI knew.D‚Ä¶	-0.009999665	neutral	obama	0.488983768	neutral	neutral	neutral	neutral	neutral	neutral	neutral	neutral
6	29245	1633874596947693568	en	everyone	3/9/23 16:57	rt  intermarium24    petr pavel has been sworn in as the president of the #czechrepublic#ukraine #ukrainian #czechia #ukrainewarn	"RT @intermarium24: üá®üáø üá®üáø üá®üáø Petr Pavel has been sworn in as the President of the #CzechRepublic.

#Ukraine #Ukrainian #Czechia #UkraineWarN‚Ä¶"	1.57759e+18	[{'type': 'retweeted', 'id': '1633870468699811841'}]	1.63387e+18	['1633874596947693568']	11	0	0	0							0.0	0.0	0.0	0.0	0	neutral	0.0	0.5	0.0	0.499164345	0.0	0.489795918	0.412698413	neutral	melissa	"RT @user üá®üáø üá®üáø üá®üáø Petr Pavel has been sworn in as the President of the #CzechRepublic.

#Ukraine #Ukrainian #Czechia #UkraineWarN‚Ä¶"	0.039978679	neutral	ukraine	0.522266291	neutral	neutral	neutral	neutral	neutral	neutral	neutral	neutral
7	14926	1633656179078332416	en	everyone	3/9/23 2:29	rt  tomfitton obama knew clinton knew biden knew comey knew brennan knew mccabe knew strzok knewclapper knewschiff knewfbi knewd	RT @TomFitton: Obama knew. Clinton knew. Biden knew. Comey knew. Brennan knew. McCabe knew. Strzok knew.Clapper knew.Schiff knew.FBI knew.D‚Ä¶	1.51874e+18	[{'type': 'retweeted', 'id': '1633625411845345280'}]	1.63366e+18	['1633656179078332416']	3317	0	0	0							0.0	0.0	0.0	0.0	0	neutral	0.0	0.5	0.0	0.499164345	0.0	0.489795918	0.412698413	neutral	melissa	RT @user Obama knew. Clinton knew. Biden knew. Comey knew. Brennan knew. McCabe knew. Strzok knew.Clapper knew.Schiff knew.FBI knew.D‚Ä¶	-0.009999665	neutral	obama	0.488983768	neutral	neutral	neutral	neutral	neutral	neutral	neutral	neutral
8	20332	1633670055689871360	en	everyone	3/9/23 3:24	rt  msignorile fox news edits out trump saying he mightve let russia take over parts of ukraine https  tco v5m2dqi8xz via  thedailybe	RT @MSignorile: Fox News Edits Out Trump Saying He Might‚Äôve Let Russia ‚ÄòTake Over‚Äô Parts of Ukraine https://t.co/V5M2DqI8xZ via @thedailybe‚Ä¶	34155494.0	[{'type': 'retweeted', 'id': '1633665830167666688'}]	1.63367e+18	['1633670055689871363']	15	0	0	0							0.0	0.0	0.0	0.0	0	neutral	0.0	0.5	0.0	0.499164345	0.0	0.489795918	0.412698413	neutral	melissa	RT @user Fox News Edits Out Trump Saying He Might‚Äôve Let Russia ‚ÄòTake Over‚Äô Parts of Ukraine http via @user	-0.099667996	neutral	russia	0.429270137	neutral	neutral	neutral	neutral	neutral	negative	neutral	neutral
9	3706	1633078142993670144	en	everyone	3/7/23 12:12	rt  phonchrist chris rock jokes about michael jackson wasnt funny at all  its just funny how yall scared to talk about elvis dating an	RT @Phonchrist: Chris Rock jokes about MIchael jackson wasn‚Äôt funny at all . It‚Äôs just funny how y‚Äôall scared to talk about Elvis dating an‚Ä¶	1.29011e+18	[{'type': 'retweeted', 'id': '1632688531943354374'}]	1.63308e+18	['1633078142993670146']	144	0	0	0							0.25	1.0	0.6249	0.548	8	positive	0.75	0.625	1.0	0.815649532	0.611607143	0.653061225	0.507936508	negative	melissa	RT @user Chris Rock jokes about MIchael jackson wasn‚Äôt funny at all . It‚Äôs just funny how y‚Äôall scared to talk about Elvis dating an‚Ä¶	-0.68047601	negative	#chrisrocklive	0.042487483	positive	positive	positive	neutral	negative	negative	negative	negative
10	6823	1633973511713611776	en	everyone	3/9/23 23:30	check this out chatgpt is now available in microsofts azure openai service https  tco pt3prg79ci	Check this out! ChatGPT is now available in Microsoft‚Äôs Azure OpenAI service https://t.co/pt3PRG79ci	8.03684e+17		1.63397e+18	['1633973511713611776']	0	0	0	5							0.4	0.4	0.0	0.0	0	neutral	0.375	0.7	0.4	0.499164345	0.0	0.489795918	0.46031746	positive	melissa	Check this out! ChatGPT is now available in Microsoft‚Äôs Azure OpenAI service http	0.641076922	positive	chatgpt	0.922560999	positive	neutral	neutral	neutral	positive	positive	positive	neutral
11	24138	1633545857936265216	en	everyone	3/8/23 20:46	 brutapologist broke dc statehood  51st state  woke dc statehood  independent republic 	"@brutapologist Broke: DC Statehood (51st state) 
Woke: DC Statehood (independent republic)"	1.15175e+18	[{'type': 'replied_to', 'id': '1633545857936265216'}]	1.63357e+18	['1633569972898390017']	0	0	1	17	555579293.0						0.0	0.125	-0.4215	0.219	-1	negative	0.125	0.5	0.125	0.28569258	0.244419643	0.469387755	0.428571429	negative	melissa	"@user Broke: DC Statehood (51st state) 
Woke: DC Statehood (independent republic)"	0.009999668	neutral	statehood	0.502302102	neutral	negative	neutral	neutral	neutral	neutral	neutral	neutral
12	3672	1633080234806321152	en	everyone	3/7/23 12:20	let me watch #chrisrocklive #selectiveoutrage	Let me watch #ChrisRockLive #Selectiveoutrage	4836923710.0		1.63308e+18	['1633080234806321153']	0	0	0	72							0.0	0.0	0.0	0.0	0	neutral	0.0	0.5	0.0	0.499164345	0.0	0.489795918	0.412698413	neutral	melissa	Let me watch #ChrisRockLive #Selectiveoutrage	-0.139092445	neutral	#chrisrocklive	0.403015862	neutral	neutral	neutral	neutral	neutral	neutral	neutral	neutral
13	14641	1633657731318988800	en	everyone	3/9/23 2:35	rt  tomfitton obama knew clinton knew biden knew comey knew brennan knew mccabe knew strzok knewclapper knewschiff knewfbi knewd	RT @TomFitton: Obama knew. Clinton knew. Biden knew. Comey knew. Brennan knew. McCabe knew. Strzok knew.Clapper knew.Schiff knew.FBI knew.D‚Ä¶	1.03312e+18	[{'type': 'retweeted', 'id': '1633625411845345280'}]	1.63366e+18	['1633657731318988800']	3316	0	0	0							0.0	0.0	0.0	0.0	0	neutral	0.0	0.5	0.0	0.499164345	0.0	0.489795918	0.412698413	neutral	melissa	RT @user Obama knew. Clinton knew. Biden knew. Comey knew. Brennan knew. McCabe knew. Strzok knew.Clapper knew.Schiff knew.FBI knew.D‚Ä¶	-0.009999665	neutral	obama	0.488983768	neutral	neutral	neutral	neutral	neutral	neutral	neutral	neutral
14	19088	1633672227601145856	en	everyone	3/9/23 3:33	there is a lot of curious military activity involving #nato forces and equipment that is not receiving much media scrutiny#ukrainewar #natorussiawar #ukrainerussiawar how threatening will those moves be perceived by russiahttps  tco 9boscok0v8	"¬´There is a lot of curious military activity involving #NATO forces and equipment that is not receiving much media scrutiny¬ª
#UkraineWar #NatoRussiaWar #UkraineRussiaWarÔ∏è 

How threatening will those moves be perceived by Russia?

https://t.co/9bOScOK0v8"	1.4811e+18		1.63367e+18	['1633672227601145856']	0	0	0	108							0.0	0.433333333	-0.2732	0.213	-1	negative	-0.125	0.5	0.433333333	0.360800203	0.237723214	0.469387755	0.396825397	negative	melissa	"¬´There is a lot of curious military activity involving #NATO forces and equipment that is not receiving much media scrutiny¬ª
#UkraineWar #NatoRussiaWar #UkraineRussiaWarÔ∏è 

How threatening will those moves be perceived by Russia?

https://t.co/9bOScOK0v8"	-0.327477396	negative	russia	0.277562994	neutral	negative	neutral	neutral	negative	negative	negative	neutral
15	20391	1633669926635331584	en	everyone	3/9/23 3:23	 alivelshi lawrence maddow chrislhayes mitchellreports gstephanopoulos berniesanders ewarren adamschiff edmarkey aoc ayannapressley rashidatlaib ilhansouth korea says it let poland send weapons to ukrainethat usedsome of its components https  tco ld7f9ph9d8	"@AliVelshi
@Lawrence
@maddow
@chrislhayes
@mitchellreports
@GStephanopoulos
@BernieSanders
@ewarren
@AdamSchiff
@EdMarkey
@AOC
@AyannaPressley
@RashidaTlaib
@Ilhan
South Korea says it let Poland send weapons to Ukraine¬†that used¬†some of its components. https://t.co/Ld7F9PH9D8"	1.49953e+18		1.63367e+18	['1633669926635331587']	0	0	0	5	16378486.0						0.0	0.0	-0.296	0.073	0	neutral	-0.25	0.5	0.0	0.349252975	0.081473214	0.489795918	0.380952381	neutral	melissa	@user Korea says it let Poland send weapons to Ukraine¬†that used¬†some of its components. http	-0.272905082	negative	russia	0.313904822	neutral	negative	neutral	neutral	negative	negative	neutral	neutral
16	28872	1633874932433321984	en	everyone	3/9/23 16:58	rt  lvivtyler according to wikipedia  asking why ukraine was shelling donbass for 8 years is now disinformation propaganda https  tco e	RT @LvivTyler: According to Wikipedia, asking why Ukraine was shelling Donbass for 8 years is now disinformation/propaganda. https://t.co/E‚Ä¶	2453096596.0	[{'type': 'retweeted', 'id': '1633085434602602496'}]	1.63387e+18	['1633874932433321984']	442	0	0	0							-0.1	0.1	-0.25	0.133	-2	negative	0.5	0.45	0.1	0.372550013	0.1484375	0.448979592	0.476190476	negative	melissa	RT @user According to Wikipedia, asking why Ukraine was shelling Donbass for 8 years is now disinformation/propaganda. http	-0.652706742	negative	ukraine	0.060980118	neutral	negative	neutral	neutral	negative	negative	negative	negative
17	7392	1633967490538651648	en	everyone	3/9/23 23:06	rt  daveleeft the audacity of chatgpt adding a verify you are human check box on login	"RT @DaveLeeFT: The audacity of ChatGPT adding a ""verify you are human"" check box on log-in"	20947597.0	[{'type': 'retweeted', 'id': '1633966721601253376'}]	1.63397e+18	['1633967490538651648']	2	0	0	0							0.0	0.1	0.0	0.0	0	neutral	0.25	0.5	0.1	0.499164345	0.0	0.489795918	0.444444444	positive	melissa	"RT @user The audacity of ChatGPT adding a ""verify you are human"" check box on log-in"	-0.658409059	negative	chatgpt	0.057182724	neutral	neutral	neutral	neutral	negative	negative	negative	negative
18	12361	1633669603023900672	en	everyone	3/9/23 3:22	rt  gregrubini boom       ukraine corruptionjohn kerry all of us were trying to get rid of that prosecutor me  joe biden and obama	"RT @GregRubini: BOOM !!   -   Ukraine corruption
John Kerry: ""All of us were trying to get rid of that Prosecutor: me, Joe Biden and Obama""‚Ä¶"	1.51622e+18	[{'type': 'retweeted', 'id': '1320412175421394947'}]	1.63367e+18	['1633669603023900678']	6757	0	0	0							0.0	0.0	0.0	0.0	-3	negative	0.25	0.5	0.0	0.499164345	0.0	0.428571429	0.444444444	negative	melissa	"RT @user BOOM !!   -   Ukraine corruption
John Kerry: ""All of us were trying to get rid of that Prosecutor: me, Joe Biden and Obama""‚Ä¶"	-0.353991717	negative	obama	0.259906076	neutral	neutral	neutral	neutral	negative	negative	negative	negative
19	13826	1633639866356445184	en	everyone	3/9/23 2:53	 simonateba  wrighttd  tuckercarlson they never thought shed lose plan b release the v obama funded via  us taxpayers in wuhan the cure would be a doubleedged sword bigph would make bs amp  millions would die agenda 21 in the works cv would ensure that mailin bs would secure the fraud rest was staged	"@simonateba @wrighttd @TuckerCarlson they never thought she'd lose: plan b: release the V Obama funded via  U.S. Taxpayers in Wuhan: the ""cure"" would be a double-edged sword: bigPh would make $B's &amp; Millions would die: Agenda 21 in the works: CV would ensure that mail-in B's would secure the fraud: rest was staged!"	2918911447.0	[{'type': 'replied_to', 'id': '1633639866356445186'}]	1.63366e+18	['1633662154086961153']	0	0	2	16	130003441.0						0.2	0.3	-0.3489	0.294	-4	negative	-0.75	0.6	0.3	0.322461383	0.328125	0.408163265	0.317460318	negative	melissa	"@user @user @user they never thought she'd lose: plan b: release the V Obama funded via  U.S. Taxpayers in Wuhan: the ""cure"" would be a double-edged sword: bigPh would make $B's &amp; Millions would die: Agenda 21 in the works: CV would ensure that mail-in B's would secure the fraud: rest was staged!"	-0.616909325	negative	obama	0.084819011	neutral	negative	neutral	negative	negative	negative	negative	negative
20	25142	1633259266323673088	en	everyone	3/8/23 0:12	rt  billkristol still  much as i wish it were  this is not a hard call for biden and democrats most of them champion statehood for the d	RT @BillKristol: ‚ÄúStill, much as I wish it were, this is not a hard call for Biden and Democrats. Most of them champion statehood for the d‚Ä¶	1.46543e+18	[{'type': 'retweeted', 'id': '1632738169857667073'}]	1.63326e+18	['1633259266323673092']	17	0	0	0							-0.045833333	0.370833333	0.7351	0.5	2	positive	-0.875	0.477083333	0.370833333	0.871461129	0.558035714	0.530612245	0.301587302	neutral	melissa	RT @user ‚ÄúStill, much as I wish it were, this is not a hard call for Biden and Democrats. Most of them champion statehood for the d‚Ä¶	0.362707466	positive	statehood	0.737183947	neutral	positive	neutral	negative	positive	positive	neutral	neutral
21	17928	1633674426767269888	en	everyone	3/9/23 3:41	rt  jimmy_dore while you scream about russia invading ukraine  remember united states illegally invaded syria amp  is currently occupying 1 3	RT @jimmy_dore: While you scream about Russia invading Ukraine, remember United States illegally invaded Syria &amp; is CURRENTLY occupying 1/3‚Ä¶	1.51949e+18	[{'type': 'retweeted', 'id': '1633655341346074624'}]	1.63367e+18	['1633674426767269888']	391	0	0	0							-0.25	0.45	0.0258	0.282	-4	negative	0.375	0.375	0.45	0.512230945	0.314732143	0.408163265	0.46031746	negative	melissa	RT @user While you scream about Russia invading Ukraine, remember United States illegally invaded Syria &amp; is CURRENTLY occupying 1/3‚Ä¶	-0.578363419	negative	russia	0.11048823	negative	neutral	neutral	neutral	negative	negative	negative	negative
22	23255	1633649446104735744	en	everyone	3/9/23 2:14	 chitownsports dc is not a state  and i was born here  raised here  and live here should it have legit representation on capitol hill sure statehood hooey	@ChiTownSports D.C. is not a state, and I was born here, raised here, and live here. Should it have legit representation on Capitol Hill? Sure. Statehood? Hooey.	53519025.0	[{'type': 'replied_to', 'id': '1633649446104735744'}]	1.63365e+18	['1633652541886955522']	0	1	0	114	269062860.0						0.318181818	0.694444444	0.3182	0.161	0	neutral	-0.5	0.659090909	0.694444444	0.660319068	0.1796875	0.489795918	0.349206349	negative	melissa	@user D.C. is not a state, and I was born here, raised here, and live here. Should it have legit representation on Capitol Hill? Sure. Statehood? Hooey.	-0.282134801	negative	statehood	0.307758392	positive	positive	neutral	negative	negative	positive	positive	positive
23	16149	1633650406894239744	en	everyone	3/9/23 2:06	rt  judicialwatch trump would have been driven out of office by deep state biden obama clinton gang if judicial watch hadnt taken lead e	"RT @JudicialWatch: ""Trump would have been driven out of office by Deep State/Biden/Obama/Clinton gang if Judicial Watch hadn‚Äôt taken lead e‚Ä¶"	9.12104e+17	[{'type': 'retweeted', 'id': '1633648806506950656'}]	1.63365e+18	['1633650406894239744']	105	0	0	0							0.0	0.4	0.0	0.0	0	neutral	0.625	0.5	0.4	0.499164345	0.0	0.489795918	0.492063492	neutral	melissa	"RT @user ""Trump would have been driven out of office by Deep State/Biden/Obama/Clinton gang if Judicial Watch hadn‚Äôt taken lead e‚Ä¶"	-0.571669996	negative	obama	0.114945641	neutral	neutral	neutral	neutral	negative	negative	negative	negative
24	6579	1633976085523095552	en	everyone	3/9/23 23:40	rt  officialloozr loozr is the ai tool that rewards everyone for listening to music #listen2earn   #chatgpt   #memes https  tco 7r2i	"RT @officialloozr: Loozr is the AI tool that rewards everyone for listening to music! üôÑ

#Listen2Earn | #ChatGPT | #Memes https://t.co/7R2I‚Ä¶"	1.5941e+18	[{'type': 'retweeted', 'id': '1633964646515220480'}]	1.63398e+18	['1633976085523095554']	18	0	0	0							0.0	0.0	0.5719	0.198	2	positive	0.625	0.5	0.0	0.788807293	0.220982143	0.530612245	0.492063492	negative	melissa	"RT @user Loozr is the AI tool that rewards everyone for listening to music! üôÑ

#Listen2Earn | #ChatGPT | #Memes http"	0.641076922	positive	chatgpt	0.922560999	neutral	positive	neutral	neutral	positive	positive	negative	negative
25	21580	1633628902374494208	en	everyone	3/9/23 17:19	 maustermuhle thank goodness congress stepped in to protect the residents of dc from the clown show that we call the city council dc is not ready for statehood	@maustermuhle Thank goodness Congress stepped in to protect the residents of DC from the clown show that we call the City Council. DC is not ready for statehood!	1.63382e+18	[{'type': 'replied_to', 'id': '1633628902374494209'}]	1.63388e+18	['1633880259320741894']	0	0	0	12	148868920.0						0.2	0.5	0.8625	0.469	6	positive	0.513	0.6	0.5	0.935983793	0.5234375	0.612244898	0.47784127	negative	melissa	@user Thank goodness Congress stepped in to protect the residents of DC from the clown show that we call the City Council. DC is not ready for statehood!	-0.500520229	negative	statehood	0.162327039	neutral	positive	neutral	neutral	negative	negative	negative	positive
26	23686	1633625531538198528	en	everyone	3/9/23 0:27	rt  athertonkd statehood for dc	RT @AthertonKD: Statehood for DC	29229001.0	[{'type': 'retweeted', 'id': '1633621467941445633'}]	1.63363e+18	['1633625531538198534']	11	0	0	0							0.0	0.0	0.0	0.0	0	neutral	0.0	0.5	0.0	0.499164345	0.0	0.489795918	0.412698413	positive	melissa	RT @user Statehood for DC	0.069885895	neutral	statehood	0.54218267	neutral	neutral	neutral	neutral	neutral	neutral	neutral	neutral
27	3349	1633099738261143552	en	everyone	3/7/23 13:38	rt  sagesurge marlon wayans roasting chris rock about the will smith slap#selectiveoutrage #chrisrocklive #chrisrock #chrisrocknetflix	"RT @sagesurge: Marlon Wayans roasting Chris Rock about the Will Smith slap.

#selectiveoutrage #ChrisRockLive #ChrisRock #chrisrocknetflix‚Ä¶"	1.06983e+18	[{'type': 'retweeted', 'id': '1632525319973289985'}]	1.6331e+18	['1633099738261143553']	9130	0	0	0							0.0	0.0	0.1531	0.118	0	neutral	0.0	0.5	0.0	0.576702963	0.131696429	0.489795918	0.412698413	neutral	melissa	"RT @user Marlon Wayans roasting Chris Rock about the Will Smith slap.

#selectiveoutrage #ChrisRockLive #ChrisRock #chrisrocknetflix‚Ä¶"	-0.327477396	negative	#chrisrocklive	0.277562994	neutral	neutral	neutral	neutral	negative	negative	neutral	neutral
28	2544	1633154839201955840	en	everyone	3/7/23 17:17	rt  adoreyoucams https  tco be9vo9jjkbcum and subscribe to my new account  #newaccount #pictures #videos #onlyfansbabe #milf #hotmil	"RT @adoreyoucams: https://t.co/bE9vO9jJKB

Cum and subscribe to my new account üòò 
#NewAccount #pictures #videos #onlyfansbabe #milf #hotmil‚Ä¶"	1.59655e+18	[{'type': 'retweeted', 'id': '1632776161062158341'}]	1.63315e+18	['1633154839201955842']	4	0	0	0							0.136363636	0.454545455	0.0	0.0	0	neutral	0.375	0.568181818	0.454545455	0.499164345	0.0	0.489795918	0.46031746	neutral	melissa	"RT @user http and subscribe to my new account üòò 
#NewAccount #pictures #videos #onlyfansbabe #milf #hotmil‚Ä¶"	0.578363419	positive	#chrisrocklive	0.880797637	neutral	neutral	neutral	neutral	positive	positive	positive	positive
29	27522	1633876033790148608	en	everyone	3/9/23 17:02	rt  dmytrokuleba russia launched a massive missile and drone attack on ukraine overnight  leading to loss of lives and damaging civilian i	RT @DmytroKuleba: Russia launched a massive missile and drone attack on Ukraine overnight, leading to loss of lives and damaging civilian i‚Ä¶	1.32666e+18	[{'type': 'retweeted', 'id': '1633749096946081793'}]	1.63388e+18	['1633876033790148625']	954	0	0	0							0.0	1.0	-0.802	0.481	-4	negative	-0.25	0.5	1.0	0.092985566	0.536830357	0.408163265	0.380952381	neutral	melissa	RT @user Russia launched a massive missile and drone attack on Ukraine overnight, leading to loss of lives and damaging civilian i‚Ä¶	-0.691069484	negative	ukraine	0.035432876	neutral	negative	neutral	neutral	negative	negative	neutral	neutral
30	17949	1633674375743303680	en	everyone	3/9/23 3:41	rt  lauras4t the people who are saying that #tuckercarlsonisaliar are the same people who still believe that president trump colluded with	RT @Lauras4T: The people who are saying that #TuckerCarlsonIsALiar are the same people who still believe that President Trump colluded with‚Ä¶	1361922547.0	[{'type': 'retweeted', 'id': '1633615091269500928'}]	1.63367e+18	['1633674375743303681']	507	0	0	0							0.0	0.0	0.0	0.0	0	neutral	-0.125	0.5	0.0	0.499164345	0.0	0.489795918	0.396825397	neutral	melissa	RT @user The people who are saying that #TuckerCarlsonIsALiar are the same people who still believe that President Trump colluded with‚Ä¶	-0.635148943	negative	russia	0.07267254	neutral	neutral	neutral	neutral	negative	negative	negative	negative
31	5561	1632538882179776512	en	everyone	3/6/23 0:29	rt  thereidout  pastor_earle on activists demands in wake of #tyrenichols police brutality death stop pretextual traffic stops stop p	"RT @thereidout: .@Pastor_Earle on activists' demands in wake of #TyreNichols police brutality death: ""Stop pretextual traffic stops. Stop p‚Ä¶"	4637301258.0	[{'type': 'retweeted', 'id': '1620944749975707654'}]	1.63254e+18	['1632538882179776512']	23	0	0	0							0.0	0.0	-0.9325	0.593	-6	negative	-0.375	0.5	0.0	0.026892884	0.661830357	0.367346939	0.365079365	negative	melissa	"RT @user .@Pastor_Earle on activists' demands in wake of #TyreNichols police brutality death: ""Stop pretextual traffic stops. Stop p‚Ä¶"	-0.421899021	negative	#tyrenichols	0.21468396	neutral	negative	negative	negative	negative	negative	negative	neutral
32	26309	1633877055996821504	en	everyone	3/9/23 17:07	rt  ricwe123 the us nato orchestration of the 2014 maidan coup in ukraine victoria nuland had a hand in every us intervention in the pas	"RT @ricwe123: The US/NATO orchestration of the 2014 Maidan coup in Ukraine. 
Victoria Nuland had a hand in every US intervention in the pas‚Ä¶"	1.51981e+18	[{'type': 'retweeted', 'id': '1633785840844386305'}]	1.63388e+18	['1633877055996821505']	493	0	0	0							0.0	0.0	0.4939	0.186	0	neutral	0.5	0.5	0.0	0.749303621	0.207589286	0.489795918	0.476190476	neutral	melissa	"RT @user The US/NATO orchestration of the 2014 Maidan coup in Ukraine. 
Victoria Nuland had a hand in every US intervention in the pas‚Ä¶"	-0.507977426	negative	ukraine	0.157361001	neutral	positive	neutral	neutral	negative	negative	neutral	neutral
33	13885	1633661843737649152	en	everyone	3/9/23 2:51	rt  tomfitton obama knew clinton knew biden knew comey knew brennan knew mccabe knew strzok knewclapper knewschiff knewfbi knewd	RT @TomFitton: Obama knew. Clinton knew. Biden knew. Comey knew. Brennan knew. McCabe knew. Strzok knew.Clapper knew.Schiff knew.FBI knew.D‚Ä¶	1.33906e+18	[{'type': 'retweeted', 'id': '1633625411845345280'}]	1.63366e+18	['1633661843737649153']	3316	0	0	0							0.0	0.0	0.0	0.0	0	neutral	0.0	0.5	0.0	0.499164345	0.0	0.489795918	0.412698413	neutral	melissa	RT @user Obama knew. Clinton knew. Biden knew. Comey knew. Brennan knew. McCabe knew. Strzok knew.Clapper knew.Schiff knew.FBI knew.D‚Ä¶	-0.009999665	neutral	obama	0.488983768	neutral	neutral	neutral	neutral	neutral	neutral	neutral	neutral
34	17023	1633675890533203968	en	everyone	3/9/23 3:47	strategic lessons from the russiaukraine conflictby marc j berkowitzmarch 07  2023https  tco dtlrcmdjko	"Strategic Lessons from the Russia-Ukraine Conflict

By Marc J. Berkowitz
March 07, 2023

https://t.co/dtlRcMDjKO"	2189434015.0		1.63368e+18	['1633675890533203968']	0	0	0	12							0.0	0.0	-0.3182	0.173	-2	negative	0.0	0.5	0.0	0.338009623	0.193080357	0.448979592	0.412698413	neutral	melissa	"Strategic Lessons from the Russia-Ukraine Conflict

By Marc J. Berkowitz
March 07, 2023

https://t.co/dtlRcMDjKO"	0.009999668	neutral	russia	0.502302102	neutral	negative	neutral	neutral	neutral	neutral	neutral	neutral
35	8916	1633953540774195200	en	everyone	3/9/23 22:10	rt  timothyeveland in chatgpt  i reworded the dan formula to make a new alter ego called mef that makes everything funny try it the an	"RT @TimothyEveland: In ChatGPT, I reworded the DAN formula to make a new alter ego called MEF that ""makes everything funny"". Try it! The an‚Ä¶"	1.20935e+18	[{'type': 'retweeted', 'id': '1631865160397737985'}]	1.63395e+18	['1633953540774195201']	1	0	0	0							0.193181818	0.727272727	0.4404	0.162	4	positive	1.0	0.596590909	0.727272727	0.722208154	0.180803571	0.571428571	0.53968254	positive	melissa	"RT @user In ChatGPT, I reworded the DAN formula to make a new alter ego called MEF that ""makes everything funny"". Try it! The an‚Ä¶"	0.500520229	positive	chatgpt	0.828958828	neutral	positive	neutral	neutral	positive	positive	positive	positive
36	24919	1632751883822432256	en	everyone	3/8/23 5:22	 councilofdc no dc statehood	@councilofdc No DC statehood	1.31935e+18	[{'type': 'replied_to', 'id': '1632751883822432256'}]	1.63334e+18	['1633337466080903168']	0	0	0	3	372347731.0						0.0	0.0	0.0	0.0	0	neutral	0.0	0.5	0.0	0.499164345	0.0	0.489795918	0.412698413	negative	melissa	@user No DC statehood	-0.059928104	neutral	statehood	0.455734477	neutral	neutral	neutral	neutral	neutral	neutral	neutral	neutral
37	13089	1633665825105145856	en	everyone	3/9/23 3:07	rt  therichfromcali michelle and barack obama out class donald and melania any day   if you agree https  tco 6cun3ifus0	RT @TheRichFromCali: Michelle and Barack Obama out class Donald and Melania any day, ‚ô•Ô∏è if you agree https://t.co/6cUn3ifuS0	8.69417e+17	[{'type': 'retweeted', 'id': '1633486586968166400'}]	1.63367e+18	['1633665825105145862']	772	0	0	0							0.0	0.0	0.3612	0.161	1	positive	0.0	0.5	0.0	0.682096733	0.1796875	0.510204082	0.412698413	positive	melissa	RT @user Michelle and Barack Obama out class Donald and Melania any day, ‚ô•Ô∏è if you agree http	0.522665441	positive	obama	0.843706186	neutral	positive	neutral	neutral	positive	neutral	positive	positive
38	434	1633543225787965440	en	everyone	3/8/23 19:00	rt  tasterreblanche  sagesurge he also said #chrisrockselectiveoutrage  #chrisrocklive https  tco 26mm0n2yv5	RT @Tasterreblanche: @sagesurge He also saidü§∑üèª‚Äç‚ôÇÔ∏è #ChrisRockSelectiveOutrage  #ChrisRockLive https://t.co/26Mm0n2yv5	1.15068e+18	[{'type': 'retweeted', 'id': '1632830373305409538'}]	1.63354e+18	['1633543225787965442']	237	0	0	0							0.0	0.0	0.0	0.0	0	neutral	0.0	0.5	0.0	0.499164345	0.0	0.489795918	0.412698413	neutral	melissa	RT @user @user He also saidü§∑üèª‚Äç‚ôÇÔ∏è #ChrisRockSelectiveOutrage  #ChrisRockLive http	-0.109558471	neutral	#chrisrocklive	0.422683685	neutral	neutral	neutral	neutral	neutral	neutral	neutral	neutral
39	9072	1633952377509416960	en	everyone	3/9/23 22:06	rt  shinchven aeriths beauty was undeniable her long hair flowed in the breeze  and her twopiece premium gemstone bikini accentuated h	"RT @ShinChven: ""Aerith's beauty was undeniable. Her long hair flowed in the breeze, and her two-piece premium gemstone bikini accentuated h‚Ä¶"	1.44301e+18	[{'type': 'retweeted', 'id': '1633477866741723139'}]	1.63395e+18	['1633952377509416960']	125	0	0	0							-0.05	0.4	0.5859	0.202	3	positive	-0.625	0.475	0.4	0.795897696	0.225446429	0.551020408	0.333333333	positive	melissa	"RT @user ""Aerith's beauty was undeniable. Her long hair flowed in the breeze, and her two-piece premium gemstone bikini accentuated h‚Ä¶"	0.73059392	positive	chatgpt	0.98217385	neutral	positive	neutral	negative	positive	positive	positive	positive
40	23901	1633595650947547136	en	everyone	3/8/23 22:28	rt  mauricewfp this is the wrong decision   senschumer we cant support dc statehood in one breath and then strip dc voters of selfdet	"RT @MauriceWFP: This is the wrong decision, @SenSchumer. 

We can't support DC statehood in one breath and then strip DC voters of self-det‚Ä¶"	10451672.0	[{'type': 'retweeted', 'id': '1633593892011376640'}]	1.6336e+18	['1633595650947547137']	43	0	0	0							-0.5	0.9	-0.1027	0.309	0	neutral	-0.625	0.25	0.9	0.447151178	0.344866071	0.489795918	0.333333333	negative	melissa	"RT @user This is the wrong decision, @user 

We can't support DC statehood in one breath and then strip DC voters of self-det‚Ä¶"	-0.675069869	negative	statehood	0.046087642	negative	neutral	neutral	negative	negative	negative	negative	negative
41	4463	1633007923646418944	en	everyone	3/7/23 7:33	rt  sagesurge marlon wayans roasting chris rock about the will smith slap#selectiveoutrage #chrisrocklive #chrisrock #chrisrocknetflix	"RT @sagesurge: Marlon Wayans roasting Chris Rock about the Will Smith slap.

#selectiveoutrage #ChrisRockLive #ChrisRock #chrisrocknetflix‚Ä¶"	959822694.0	[{'type': 'retweeted', 'id': '1632525319973289985'}]	1.63301e+18	['1633007923646418945']	9130	0	0	0							0.0	0.0	0.1531	0.118	0	neutral	0.0	0.5	0.0	0.576702963	0.131696429	0.489795918	0.412698413	neutral	melissa	"RT @user Marlon Wayans roasting Chris Rock about the Will Smith slap.

#selectiveoutrage #ChrisRockLive #ChrisRock #chrisrocknetflix‚Ä¶"	-0.327477396	negative	#chrisrocklive	0.277562994	neutral	neutral	neutral	neutral	negative	negative	neutral	neutral
42	28406	1633875297673314304	en	everyone	3/9/23 17:00	rt  laralogan traitor key trump impeachment witness busted for dealing lucrative defense contracts in ukraine https  tco hjddw6ktcm	"RT @laralogan: Traitor. 

Key Trump Impeachment Witness Busted For Dealing Lucrative Defense Contracts in Ukraine https://t.co/Hjddw6KtCM"	1.60387e+18	[{'type': 'retweeted', 'id': '1633725935848677381'}]	1.63388e+18	['1633875297673314305']	1699	0	0	0							0.0	1.0	0.128	0.086	0	neutral	1.375	0.5	1.0	0.563990884	0.095982143	0.489795918	0.587301587	negative	melissa	"RT @user Traitor. 

Key Trump Impeachment Witness Busted For Dealing Lucrative Defense Contracts in Ukraine http"	-0.604367793	negative	ukraine	0.093170906	neutral	neutral	neutral	neutral	negative	negative	negative	negative
43	2559	1633153608358195200	en	everyone	3/7/23 17:12	rt  sagesurge marlon wayans roasting chris rock about the will smith slap#selectiveoutrage #chrisrocklive #chrisrock #chrisrocknetflix	"RT @sagesurge: Marlon Wayans roasting Chris Rock about the Will Smith slap.

#selectiveoutrage #ChrisRockLive #ChrisRock #chrisrocknetflix‚Ä¶"	1.16419e+18	[{'type': 'retweeted', 'id': '1632525319973289985'}]	1.63315e+18	['1633153608358195201']	9130	0	0	0							0.0	0.0	0.1531	0.118	0	neutral	0.0	0.5	0.0	0.576702963	0.131696429	0.489795918	0.412698413	neutral	melissa	"RT @user Marlon Wayans roasting Chris Rock about the Will Smith slap.

#selectiveoutrage #ChrisRockLive #ChrisRock #chrisrocknetflix‚Ä¶"	-0.327477396	negative	#chrisrocklive	0.277562994	neutral	neutral	neutral	neutral	negative	negative	neutral	neutral
44	28604	1633875148108615680	en	everyone	3/9/23 16:59	rt  kanekoathegreat i found another powerful short film about the uss role in ukraines 2014 maidan coup detat interested in watching i	RT @KanekoaTheGreat: I found another powerful short film about the US's role in Ukraine's 2014 Maidan coup d'etat. Interested in watching i‚Ä¶	3281816443.0	[{'type': 'retweeted', 'id': '1631121343482859520'}]	1.63388e+18	['1633875148108615680']	10218	0	0	0							0.183333333	0.6	0.6705	0.297	4	positive	0.875	0.591666667	0.6	0.838743986	0.331473214	0.571428571	0.523809524	positive	melissa	RT @user I found another powerful short film about the US's role in Ukraine's 2014 Maidan coup d'etat. Interested in watching i‚Ä¶	0.55112803	positive	ukraine	0.862660532	neutral	positive	neutral	neutral	positive	positive	positive	neutral
45	9250	1633951080999710720	en	everyone	3/9/23 22:01	rt  pyroai if you need a first draft pyro model  try asking chatgpt for examplehow can i use pyro to learn user preferences among feat	"RT @PyroAi: If you need a first draft Pyro model, try asking ChatGPT. For example:

How can I use Pyro to learn user preferences among feat‚Ä¶"	242272620.0	[{'type': 'retweeted', 'id': '1633950964913938432'}]	1.63395e+18	['1633951080999710721']	2	0	0	0							0.25	0.333333333	0.0	0.0	0	neutral	0.625	0.625	0.333333333	0.499164345	0.0	0.489795918	0.492063492	neutral	melissa	"RT @user If you need a first draft Pyro model, try asking ChatGPT. For example:

How can I use Pyro to learn user preferences among feat‚Ä¶"	0.019997336	neutral	chatgpt	0.508959938	positive	neutral	neutral	neutral	neutral	neutral	neutral	neutral
46	19615	1633671297644527616	en	everyone	3/9/23 3:29	kremlin accuses ukrainian saboteurs of attack inside russia please follow to show support https  tco l0krpzqnev	Kremlin accuses Ukrainian saboteurs of attack inside Russia .....Please follow to show support..... https://t.co/L0KRPZqNeV	1.5709e+18		1.63367e+18	['1633671297644527616']	0	0	0	4							0.0	0.0	0.3612	0.574	0	neutral	-0.5	0.5	0.0	0.682096733	0.640625	0.489795918	0.349206349	negative	melissa	Kremlin accuses Ukrainian saboteurs of attack inside Russia .....Please follow to show support..... http	-0.20696649	neutral	russia	0.357815895	neutral	positive	neutral	negative	negative	negative	negative	neutral
47	25653	1633103304463884288	en	everyone	3/7/23 13:52	rt  chinmoyee5 in 1986 rajiv gandhi granted statehood to arunachalpradesh despite the chinese opposition indian govt ensured that we didn	RT @chinmoyee5: In 1986,Rajiv Gandhi granted statehood to ArunachalPradesh despite the Chinese opposition! Indian govt ensured that we didn‚Ä¶	1.54361e+18	[{'type': 'retweeted', 'id': '1633020394247708673'}]	1.6331e+18	['1633103304463884298']	19	0	0	0							0.0	0.0	0.25	0.143	1	positive	-0.75	0.5	0.0	0.625778678	0.159598214	0.510204082	0.317460318	positive	melissa	RT @user In 1986,Rajiv Gandhi granted statehood to ArunachalPradesh despite the Chinese opposition! Indian govt ensured that we didn‚Ä¶	0.187746197	neutral	statehood	0.620670431	neutral	positive	neutral	negative	neutral	neutral	positive	positive
48	20371	1633669957920739328	en	everyone	3/9/23 3:24	rt  anonopsse #georgia amp  #moldova will be next  we told you this wasnt about just #ukraine #putin himself made it clear he wants to r	"RT @AnonOpsSE: #Georgia &amp; #Moldova will be next ... we told you this wasn't about just #Ukraine 
#Putin himself made it clear he wants to r‚Ä¶"	1.01686e+18	[{'type': 'retweeted', 'id': '1633403990770589698'}]	1.63367e+18	['1633669957920739329']	1629	0	0	0							0.05	0.191666667	0.4404	0.262	2	positive	0.5	0.525	0.191666667	0.722208154	0.292410714	0.530612245	0.476190476	negative	melissa	"RT @user #Georgia &amp; #Moldova will be next ... we told you this wasn't about just #Ukraine 
#Putin himself made it clear he wants to r‚Ä¶"	-0.462117136	negative	russia	0.187901153	neutral	positive	neutral	neutral	negative	negative	negative	negative
49	23117	1633664783865069568	en	everyone	3/9/23 3:03	rt  ericmgarcia  aoc lays into the biden administration for supporting republicans bill to block dcs crime law supporting statehood 	RT @EricMGarcia: .@AOC lays into the Biden administration for supporting Republicans‚Äô bill to block DC‚Äôs crime law. ‚Äúsupporting statehood,‚Ä¶	742824223.0	[{'type': 'retweeted', 'id': '1633603296035323924'}]	1.63366e+18	['1633664783865069570']	222	0	0	0							0.25	0.25	-0.1531	0.526	-2	negative	0.375	0.625	0.25	0.421625728	0.587053571	0.448979592	0.46031746	negative	melissa	RT @user .@AOC lays into the Biden administration for supporting Republicans‚Äô bill to block DC‚Äôs crime law. ‚Äúsupporting statehood,‚Ä¶	-0.13909246	neutral	statehood	0.403015852	positive	neutral	neutral	neutral	neutral	negative	negative	neutral
50	23028	1633674524695621632	en	everyone	3/9/23 3:42	rt  tomfitton breaking in a historic repudiation of leftist dc statehood agenda and softoncrime radicalism  us senate votes 8114  incl	RT @TomFitton: Breaking: In a historic repudiation of leftist DC statehood agenda and soft-on-crime radicalism, US Senate votes 81-14 (incl‚Ä¶	1.59946e+18	[{'type': 'retweeted', 'id': '1633641088253665282'}]	1.63367e+18	['1633674524695621633']	380	0	0	0							0.016666667	0.316666667	-0.5423	0.189	-3	negative	-0.5	0.508333333	0.316666667	0.224512535	0.2109375	0.428571429	0.349206349	positive	melissa	RT @user Breaking: In a historic repudiation of leftist DC statehood agenda and soft-on-crime radicalism, US Senate votes 81-14 (incl‚Ä¶	-0.009999665	neutral	statehood	0.488983768	neutral	negative	neutral	negative	neutral	neutral	neutral	neutral
51	20989	1633563495953301504	en	everyone	3/9/23 3:19	 ktm_kan  fasterinsights  tendar a country that wants to be less like russia	@KTM_KAN @fasterinsights @Tendar a country that wants to be less like Russia	371464238.0	[{'type': 'replied_to', 'id': '1633572586108977152'}]	1.63367e+18	['1633668811277864960']	0	0	0	8	1.46e+18						0.0	0.0	0.4215	0.352	3	positive	-0.25	0.5	0.0	0.71263611	0.392857143	0.551020408	0.380952381	neutral	melissa	@user @user @user a country that wants to be less like Russia	-0.421898991	negative	russia	0.21468398	neutral	positive	neutral	neutral	negative	negative	neutral	neutral
52	9354	1633950309809635328	en	everyone	3/9/23 21:58	googles answer to #chatgpt is not a search product  for now  https  tco 8y3a0eysft https  tco pdzrslnhrq	Google‚Äôs answer to #ChatGPT is not a search product, for now ü§î https://t.co/8Y3A0eYSfT https://t.co/Pdzrslnhrq	341251022.0		1.63395e+18	['1633950309809635331']	1	0	1	203							0.0	0.0	0.0	0.0	0	neutral	0.0	0.5	0.0	0.499164345	0.0	0.489795918	0.412698413	neutral	melissa	Google‚Äôs answer to #ChatGPT is not a search product, for now ü§î http http	-0.345214009	negative	chatgpt	0.265751493	neutral	neutral	neutral	neutral	negative	neutral	neutral	neutral
53	6966	1633972155271778304	en	everyone	3/9/23 23:24	rt  volta_ml  final round  #chatgpt and #gpt35 beaten by knockout with finetuned #llms recent paper shows fewshot trained llms	"RT @volta_ml: üîîüîî FINAL ROUND üí•ü•ä #chatgpt and #GPT3.5 beaten by knock-out with fine-tuned #LLMs!

üëá Recent paper shows few-shot trained LLMs‚Ä¶"	9.12927e+17	[{'type': 'retweeted', 'id': '1633879437417783297'}]	1.63397e+18	['1633972155271778305']	1	0	0	0							0.054166667	0.5375	-0.25	0.223	0	neutral	0.375	0.527083333	0.5375	0.372550013	0.248883929	0.489795918	0.46031746	positive	melissa	"RT @user üîîüîî FINAL ROUND üí•ü•ä #chatgpt and #GPT3.5 beaten by knock-out with fine-tuned #LLMs!

üëá Recent paper shows few-shot trained LLMs‚Ä¶"	-0.049958371	neutral	chatgpt	0.462373711	neutral	negative	neutral	neutral	neutral	neutral	neutral	neutral
54	12421	1633669260747653120	en	everyone	3/9/23 3:21	rt  tomfitton obama knew clinton knew biden knew comey knew brennan knew mccabe knew strzok knewclapper knewschiff knewfbi knewd	RT @TomFitton: Obama knew. Clinton knew. Biden knew. Comey knew. Brennan knew. McCabe knew. Strzok knew.Clapper knew.Schiff knew.FBI knew.D‚Ä¶	1.58713e+18	[{'type': 'retweeted', 'id': '1633625411845345280'}]	1.63367e+18	['1633669260747653122']	3314	0	0	0							0.0	0.0	0.0	0.0	0	neutral	0.0	0.5	0.0	0.499164345	0.0	0.489795918	0.412698413	neutral	melissa	RT @user Obama knew. Clinton knew. Biden knew. Comey knew. Brennan knew. McCabe knew. Strzok knew.Clapper knew.Schiff knew.FBI knew.D‚Ä¶	-0.009999665	neutral	obama	0.488983768	neutral	neutral	neutral	neutral	neutral	neutral	neutral	neutral
55	23023	1633674850404319232	en	everyone	3/9/23 3:43	rt  foxnews protester arrested as demonstrators confront police at dc statehood rally ahead of senate vote on crime bill https  tco vzkh	RT @FoxNews: Protester arrested as demonstrators confront police at DC statehood rally ahead of Senate vote on crime bill https://t.co/vZkH‚Ä¶	1.21998e+18	[{'type': 'retweeted', 'id': '1633674492852731904'}]	1.63367e+18	['1633674850404319232']	26	0	0	0							0.0	0.0	-0.8074	0.356	-6	negative	0.375	0.5	0.0	0.090250696	0.397321429	0.367346939	0.46031746	neutral	melissa	RT @user Protester arrested as demonstrators confront police at DC statehood rally ahead of Senate vote on crime bill http	-0.522665441	negative	statehood	0.14757968	neutral	negative	negative	neutral	negative	negative	neutral	neutral
56	27668	1633875906166165504	en	everyone	3/9/23 17:02	this is just a ruthless killing of innocent people  #russiaisaterroriststate #armukrainenowhttps  tco eitrjye3kn	"This is just a ruthless killing of innocent people.  #RussiaIsATerroristState #ArmUkraineNow

https://t.co/eitRJYe3kN"	1.6073e+18		1.63388e+18	['1633875906166165504']	0	0	0	3							-0.25	0.85	-0.4588	0.459	-3	negative	0.375	0.375	0.85	0.266801722	0.512276786	0.428571429	0.46031746	negative	melissa	"This is just a ruthless killing of innocent people.  #RussiaIsATerroristState #ArmUkraineNow

https://t.co/eitRJYe3kN"	-0.696257711	negative	ukraine	0.031977834	negative	negative	neutral	neutral	negative	negative	negative	negative
57	7698	1633964643139088384	en	everyone	3/9/23 22:55	chatgpt as a chatbot can save time and substantially improve the customer experience in this article  todd watts shares the advantages of chatgpt as a chatbot as well as some simple steps to help you get started https  tco ryuspvukms#chatgpt https  tco k9qbpvr8vk	"ChatGPT as a chatbot can save time and substantially improve the customer experience. In this article, Todd Watts shares the advantages of ChatGPT as a chatbot as well as some simple steps to help you get started. https://t.co/RyuSPvUKMs
#ChatGPT https://t.co/k9QBPVr8vK"	176032316.0		1.63396e+18	['1633964643139088385']	0	0	0	7							0.0	0.357142857	0.9245	0.391	10	positive	1.375	0.5	0.357142857	0.967384148	0.436383929	0.693877551	0.587301587	positive	melissa	ChatGPT as a chatbot can save time and substantially improve the customer experience. In this article, Todd Watts shares the advantages of ChatGPT as a chatbot as well as some simple steps to help you get started. http http	0.685809076	positive	chatgpt	0.95234988	neutral	positive	positive	neutral	positive	positive	positive	positive
58	26393	1633876978020253696	en	everyone	3/9/23 17:06	rt  officejjsmart the guy on top is from britain  he joined the  marines  was in battle  amp  was taken pow by russia the person at	"RT @officejjsmart: The guy on top is from Britain üá¨üáß. He joined the üá∫üá¶ Marines, was in battle, &amp; was taken PoW by Russia üá∑üá∫.

The person at‚Ä¶"	792747590.0	[{'type': 'retweeted', 'id': '1633604707695427585'}]	1.63388e+18	['1633876978020253738']	44	0	0	0							0.5	0.5	-0.2023	0.286	1	positive	0.0	0.75	0.5	0.396708027	0.319196429	0.510204082	0.412698413	neutral	melissa	"RT @user The guy on top is from Britain üá¨üáß. He joined the üá∫üá¶ Marines, was in battle, &amp; was taken PoW by Russia üá∑üá∫.

The person at‚Ä¶"	0.039978679	neutral	ukraine	0.522266291	positive	neutral	neutral	neutral	neutral	neutral	neutral	neutral
59	14116	1633660629029642240	en	everyone	3/9/23 2:47	rt  subrata30016572 melania trump is a far better first lady than jill biden amp  michelle obama was drop a  if you agree https  tco p4	RT @SUBRATA30016572: Melania Trump is a far better First Lady than Jill Biden &amp; Michelle Obama was. Drop a ‚ù§ if you Agree!! https://t.co/p4‚Ä¶	1.58674e+18	[{'type': 'retweeted', 'id': '1633650499647057920'}]	1.63366e+18	['1633660629029642241']	138	0	0	0							0.283333333	0.611111111	0.5106	0.333	2	positive	0.5	0.641666667	0.611111111	0.757761459	0.371651786	0.530612245	0.476190476	positive	melissa	RT @user Melania Trump is a far better First Lady than Jill Biden &amp; Michelle Obama was. Drop a ‚ù§ if you Agree!! http	0.73522222	positive	obama	0.985256016	positive	positive	neutral	neutral	positive	positive	positive	positive
60	30171	1633873828685414400	en	everyone	3/9/23 16:54	rt  olenahalushka the commander  the officer  hero of ukraine awardee  brave and skillful warrior  and genuine leader dmytro da vinci ko	"RT @OlenaHalushka: The commander, the officer, ""Hero of Ukraine"" awardee, brave and skillful warrior, and genuine leader Dmytro Da Vinci Ko‚Ä¶"	1.44461e+18	[{'type': 'retweeted', 'id': '1633534105672458240'}]	1.63387e+18	['1633873828685414401']	1374	0	0	0							0.6	0.75	0.8689	0.43	4	positive	0.728	0.8	0.75	0.93922512	0.479910714	0.571428571	0.505142857	positive	melissa	"RT @user The commander, the officer, ""Hero of Ukraine"" awardee, brave and skillful warrior, and genuine leader Dmytro Da Vinci Ko‚Ä¶"	0.691069484	positive	ukraine	0.955852991	positive	positive	neutral	neutral	positive	positive	positive	positive
61	22098	1633823577894969344	en	everyone	3/9/23 13:34	rt  jamie_raskin yes   ewarren lets keep the union growing by honoring the principles 37 states invoked to be admitted after the origina	RT @jamie_raskin: Yes, @ewarren! Let‚Äôs keep the Union growing by honoring the principles 37 states invoked to be admitted after the origina‚Ä¶	1.35501e+18	[{'type': 'retweeted', 'id': '1620116462110396416'}]	1.63382e+18	['1633823577894969358']	161	0	0	0							0.0	0.0	0.7964	0.453	3	positive	0.5	0.5	0.0	0.902506964	0.505580357	0.551020408	0.476190476	positive	melissa	RT @user Yes, @user Let‚Äôs keep the Union growing by honoring the principles 37 states invoked to be admitted after the origina‚Ä¶	0.55112803	positive	statehood	0.862660532	neutral	positive	neutral	neutral	positive	positive	positive	positive
62	28035	1633875595024007168	en	everyone	3/9/23 17:01	rt  xhacka_olta at #budapestbalkansforum interesting discussions on situation in #wb  integration regional coop  securityamp development c	RT @xhacka_olta: üìçAt #BudapestBalkansForum Interesting discussions on situation in #WB,üá™üá∫ integration,regional coop, security&amp;development c‚Ä¶	4663892903.0	[{'type': 'retweeted', 'id': '1633875237279502336'}]	1.63388e+18	['1633875595024007172']	17	0	0	0							0.5	0.5	0.6249	0.282	2	positive	0.75	0.75	0.5	0.815649532	0.314732143	0.530612245	0.507936508	positive	melissa	RT @user üìçAt #BudapestBalkansForum Interesting discussions on situation in #WB,üá™üá∫ integration,regional coop, security&amp;development c‚Ä¶	0.291312635	positive	ukraine	0.689639351	positive	positive	neutral	neutral	positive	positive	positive	neutral
63	19289	1633671833030656000	en	everyone	3/9/23 3:31	rt  thenoseticer you must understand  the leading bolsheviks who took over russia were not russians they hated russians they hated chri	"RT @TheNoseticer: ""You must understand, the leading Bolsheviks who took over Russia were not Russians. They hated Russians. They hated Chri‚Ä¶"	1.43533e+18	[{'type': 'retweeted', 'id': '1633223177617694721'}]	1.63367e+18	['1633671833030656006']	273	0	0	0							-0.45	0.35	-0.8555	0.433	-4	negative	-0.25	0.275	0.35	0.065890099	0.483258929	0.408163265	0.380952381	neutral	melissa	"RT @user ""You must understand, the leading Bolsheviks who took over Russia were not Russians. They hated Russians. They hated Chri‚Ä¶"	-0.641076922	negative	russia	0.068724868	negative	negative	neutral	neutral	negative	negative	neutral	neutral
64	12019	1633671484442050560	en	everyone	3/9/23 3:30	rt  msavaarmstrong michelle obama democrats 2024 break glass in case of emergency candidate   the hill https  tco dd5osc3ijc	RT @MsAvaArmstrong: Michelle Obama: Democrats‚Äô 2024 ‚Äòbreak glass in case of emergency‚Äô candidate | The Hill https://t.co/dD5OSC3IJC	22292787.0	[{'type': 'retweeted', 'id': '1633670454639738881'}]	1.63367e+18	['1633671484442050565']	2	0	0	0							0.0	0.0	-0.3818	0.148	-2	negative	-0.5	0.5	0.0	0.305798936	0.165178571	0.448979592	0.349206349	neutral	melissa	RT @user Michelle Obama: Democrats‚Äô 2024 ‚Äòbreak glass in case of emergency‚Äô candidate | The Hill http	0.039978679	neutral	obama	0.522266291	neutral	negative	neutral	negative	neutral	neutral	neutral	neutral
65	23252	1633652624179314688	en	everyone	3/9/23 2:15	rt  tomfitton breaking in a historic repudiation of leftist dc statehood agenda and softoncrime radicalism  us senate votes 8114  incl	RT @TomFitton: Breaking: In a historic repudiation of leftist DC statehood agenda and soft-on-crime radicalism, US Senate votes 81-14 (incl‚Ä¶	7.03983e+17	[{'type': 'retweeted', 'id': '1633641088253665282'}]	1.63365e+18	['1633652624179314688']	380	0	0	0							0.016666667	0.316666667	-0.5423	0.189	-3	negative	-0.5	0.508333333	0.316666667	0.224512535	0.2109375	0.428571429	0.349206349	positive	melissa	RT @user Breaking: In a historic repudiation of leftist DC statehood agenda and soft-on-crime radicalism, US Senate votes 81-14 (incl‚Ä¶	-0.009999665	neutral	statehood	0.488983768	neutral	negative	neutral	negative	neutral	neutral	neutral	neutral
66	3384	1633097501304668160	en	everyone	3/7/23 13:29	rt  mhaquemk trying is winning at the moment check and win more offer  https  tco jpcyt8t1nj#amazon #amazon #homedecoration	"RT @mhaquemk: Trying is winning at the moment. 
Check and win more offer : https://t.co/JPCYT8t1Nj

#Amazon„Çø„Ç§„É†„Çª„Éº„É´Á•≠„Çä #Amazon #homedecoration‚Ä¶"	1.58252e+18	[{'type': 'retweeted', 'id': '1632794006743846913'}]	1.6331e+18	['1633097501304668163']	314	0	0	0							0.65	0.575	0.8625	0.491	8	positive	0.375	0.825	0.575	0.935983793	0.547991071	0.653061225	0.46031746	positive	melissa	"RT @user Trying is winning at the moment. 
Check and win more offer : http #Amazon #homedecoration‚Ä¶"	0.716297865	positive	#chrisrocklive	0.972653551	positive	positive	positive	neutral	positive	positive	positive	neutral
67	4555	1633001592914866176	en	everyone	3/7/23 7:08	rt  phonchrist chris rock jokes about michael jackson wasnt funny at all  its just funny how yall scared to talk about elvis dating an	RT @Phonchrist: Chris Rock jokes about MIchael jackson wasn‚Äôt funny at all . It‚Äôs just funny how y‚Äôall scared to talk about Elvis dating an‚Ä¶	574789122.0	[{'type': 'retweeted', 'id': '1632688531943354374'}]	1.633e+18	['1633001592914866178']	144	0	0	0							0.25	1.0	0.6249	0.548	8	positive	0.75	0.625	1.0	0.815649532	0.611607143	0.653061225	0.507936508	negative	melissa	RT @user Chris Rock jokes about MIchael jackson wasn‚Äôt funny at all . It‚Äôs just funny how y‚Äôall scared to talk about Elvis dating an‚Ä¶	-0.68047601	negative	#chrisrocklive	0.042487483	positive	positive	positive	neutral	negative	negative	negative	negative
68	29950	1633874015977893888	en	everyone	3/9/23 16:54	rt  olgatokariuk a massive russian missile attack on ukraine this night five people were killed in lviv region  two wounded in kyiv  two	RT @olgatokariuk: A massive Russian missile attack on Ukraine this night. Five people were killed in Lviv region, two wounded in Kyiv, two‚Ä¶	1.49679e+18	[{'type': 'retweeted', 'id': '1633733612959924226'}]	1.63387e+18	['1633874015977893888']	322	0	0	0							-0.066666667	0.333333333	-0.8225	0.336	-4	negative	0.0	0.466666667	0.333333333	0.082603191	0.375	0.408163265	0.412698413	negative	melissa	RT @user A massive Russian missile attack on Ukraine this night. Five people were killed in Lviv region, two wounded in Kyiv, two‚Ä¶	-0.691069484	negative	ukraine	0.035432876	neutral	negative	neutral	neutral	negative	negative	negative	neutral
69	26429	1633876948530102272	en	everyone	3/9/23 17:06	rt  maria_drutska moscow does not realise this  or maybe they do  but they justified their latest missile attacks on ukraines infrastruct	RT @maria_drutska: Moscow does not realise this, or maybe they do, but they justified their latest missile attacks on Ukraine‚Äôs infrastruct‚Ä¶	95956353.0	[{'type': 'retweeted', 'id': '1633837647549566985'}]	1.63388e+18	['1633876948530102284']	167	0	0	0							0.45	0.9	-0.1027	0.367	1	positive	0.0	0.725	0.9	0.447151178	0.409598214	0.510204082	0.412698413	negative	melissa	RT @user Moscow does not realise this, or maybe they do, but they justified their latest missile attacks on Ukraine‚Äôs infrastruct‚Ä¶	-0.623065352	negative	ukraine	0.080719473	positive	neutral	neutral	neutral	negative	negative	negative	negative
70	13623	1633663150649405440	en	everyone	3/9/23 2:57	rt  tomfitton obama knew clinton knew biden knew comey knew brennan knew mccabe knew strzok knewclapper knewschiff knewfbi knewd	RT @TomFitton: Obama knew. Clinton knew. Biden knew. Comey knew. Brennan knew. McCabe knew. Strzok knew.Clapper knew.Schiff knew.FBI knew.D‚Ä¶	1.59796e+18	[{'type': 'retweeted', 'id': '1633625411845345280'}]	1.63366e+18	['1633663150649405442']	3316	0	0	0							0.0	0.0	0.0	0.0	0	neutral	0.0	0.5	0.0	0.499164345	0.0	0.489795918	0.412698413	neutral	melissa	RT @user Obama knew. Clinton knew. Biden knew. Comey knew. Brennan knew. McCabe knew. Strzok knew.Clapper knew.Schiff knew.FBI knew.D‚Ä¶	-0.009999665	neutral	obama	0.488983768	neutral	neutral	neutral	neutral	neutral	neutral	neutral	neutral
71	15819	1633651801051521024	en	everyone	3/9/23 2:11	rt  tomfitton obama knew clinton knew biden knew comey knew brennan knew mccabe knew strzok knewclapper knewschiff knewfbi knewd	RT @TomFitton: Obama knew. Clinton knew. Biden knew. Comey knew. Brennan knew. McCabe knew. Strzok knew.Clapper knew.Schiff knew.FBI knew.D‚Ä¶	1.59845e+18	[{'type': 'retweeted', 'id': '1633625411845345280'}]	1.63365e+18	['1633651801051521024']	3318	0	0	0							0.0	0.0	0.0	0.0	0	neutral	0.0	0.5	0.0	0.499164345	0.0	0.489795918	0.412698413	neutral	melissa	RT @user Obama knew. Clinton knew. Biden knew. Comey knew. Brennan knew. McCabe knew. Strzok knew.Clapper knew.Schiff knew.FBI knew.D‚Ä¶	-0.009999665	neutral	obama	0.488983768	neutral	neutral	neutral	neutral	neutral	neutral	neutral	neutral
72	26209	1633877123390926848	en	everyone	3/9/23 17:07	is south korea sending military aid to ukraine to become part of nato  quartz https  tco yjkhniknjs via  googlenews	Is South Korea sending military aid to Ukraine to become part of NATO? - Quartz https://t.co/YjKHnIknJs via @GoogleNews	1.50789e+18		1.63388e+18	['1633877123390926850']	0	0	0	1							-0.1	0.1	0.0	0.0	0	neutral	0.0	0.45	0.1	0.499164345	0.0	0.489795918	0.412698413	neutral	melissa	Is South Korea sending military aid to Ukraine to become part of NATO? - Quartz http via @user	0.009999666	neutral	ukraine	0.5023021	neutral	neutral	neutral	neutral	neutral	neutral	neutral	neutral
73	24148	1633569351004721152	en	everyone	3/8/23 20:44	rt  huzzahmpls nah  not really  with statehood out of the picture for now doing the smart thing politically makes total sensebernie san	"RT @huzzahmpls: Nah, not really, with statehood out of the picture for now doing the smart thing politically makes total sense.

Bernie San‚Ä¶"	97370449.0	[{'type': 'retweeted', 'id': '1633568968588902405'}]	1.63357e+18	['1633569351004721152']	1	0	0	0							0.103571429	0.423214286	0.3744	0.267	1	positive	1.5	0.551785714	0.423214286	0.68878197	0.297991071	0.510204082	0.603174603	positive	melissa	"RT @user Nah, not really, with statehood out of the picture for now doing the smart thing politically makes total sense.

Bernie San‚Ä¶"	-0.119427286	neutral	statehood	0.416111657	neutral	positive	neutral	neutral	neutral	neutral	positive	positive
74	6308	1633978614009024512	en	everyone	3/9/23 23:50	rt  chatgptnfts microsoft has built new bing powered by upgraded chatgpt ai   2 clicks to squeeze the most important things from a huge	"RT @ChatGPTNFTs: Microsoft has built ""New Bing"" powered by upgraded ChatGPT AI  : 2 clicks to squeeze the most important things from a huge‚Ä¶"	1.52376e+18	[{'type': 'retweeted', 'id': '1623063492164206597'}]	1.63398e+18	['1633978614009024515']	37	0	0	0							0.312121212	0.784848485	0.4767	0.24	3	positive	1.125	0.656060606	0.784848485	0.740592555	0.267857143	0.551020408	0.555555556	positive	melissa	"RT @user Microsoft has built ""New Bing"" powered by upgraded ChatGPT AI  : 2 clicks to squeeze the most important things from a huge‚Ä¶"	0.318520755	positive	chatgpt	0.707758297	positive	positive	neutral	neutral	positive	positive	positive	neutral
75	9669	1633947764945027072	en	everyone	3/9/23 21:47	she said write me essay on how much you love mewent on chatgpt and sent it to her in 30 secondsmy bot denzel voice #fakestoryforbanter https  tco hu5t4wu1pu	"She said ‚Äúwrite me essay on how much you love me.‚Äù

Went on ChatGPT and sent it to her in 30 seconds.

My bot *Denzel voice* üëäüèøüòÇ

#FakeStoryForBanter https://t.co/hU5T4wU1pU"	1.57166e+18		1.63395e+18	['1633947764945027074']	0	0	2	76							0.25	0.3	0.4767	0.283	3	positive	0.625	0.625	0.3	0.740592555	0.315848214	0.551020408	0.492063492	positive	melissa	"She said ‚Äúwrite me essay on how much you love me.‚Äù

Went on ChatGPT and sent it to her in 30 seconds.

My bot *Denzel voice* üëäüèøüòÇ

#FakeStoryForBanter http"	0.291312635	positive	chatgpt	0.689639351	positive	positive	neutral	neutral	positive	neutral	positive	positive
76	12206	1633670471110758400	en	everyone	3/9/23 3:26	rt  ernaldobonitto1  lisamarieboothe not too long ago  the likes of jill biden amp  michelle obama  would be rebuked by  women  especially bl	RT @ernaldobonitto1: @LisaMarieBoothe Not too long ago, the likes of Jill Biden &amp; Michelle Obama, would be rebuked by  Women (ESPECIALLY bl‚Ä¶	1.58716e+18	[{'type': 'retweeted', 'id': '1633597907457679361'}]	1.63367e+18	['1633670471110758406']	28	0	0	0							-0.025	0.7	0.7264	0.303	2	positive	0.0	0.4875	0.7	0.867054951	0.338169643	0.530612245	0.412698413	negative	melissa	RT @user @user Not too long ago, the likes of Jill Biden &amp; Michelle Obama, would be rebuked by  Women (ESPECIALLY bl‚Ä¶	-0.263624847	negative	obama	0.320084891	neutral	positive	neutral	neutral	negative	negative	negative	negative
77	12730	1633667521256595456	en	everyone	3/9/23 3:14	rt  pat300000 the marxist democrats can not be allowed to rig another election and keep the wh too much damage already inflicted onby b	RT @Pat300000: The Marxist democrats can not be allowed to rig another election and keep the WH. Too much damage already inflicted onüá∫üá∏by B‚Ä¶	1.48536e+18	[{'type': 'retweeted', 'id': '1633204089617018881'}]	1.63367e+18	['1633667521256595458']	56	0	0	0							0.2	0.2	-0.5719	0.266	-6	negative	0.125	0.6	0.2	0.209521398	0.296875	0.367346939	0.428571429	negative	melissa	RT @user The Marxist democrats can not be allowed to rig another election and keep the WH. Too much damage already inflicted onüá∫üá∏by B‚Ä¶	-0.716297865	negative	obama	0.018632316	neutral	negative	negative	neutral	negative	negative	negative	negative
78	16238	1633649950549573632	en	everyone	3/9/23 2:04	rt  eclipsethis2003 peaceful protests says former first lady michelle obama https  tco oymhphzfzq	RT @eclipsethis2003: Peaceful protests says Former First Lady Michelle Obama. https://t.co/OYmhPHZfZQ	1.34406e+18	[{'type': 'retweeted', 'id': '1633495741028003842'}]	1.63365e+18	['1633649950549573632']	352	0	0	0							0.166666667	0.277777778	0.296	0.321	0	neutral	0.125	0.583333333	0.277777778	0.649075715	0.358258929	0.489795918	0.428571429	negative	melissa	RT @user Peaceful protests says Former First Lady Michelle Obama. http	0.291312635	positive	obama	0.689639351	neutral	positive	neutral	neutral	positive	neutral	neutral	neutral
79	25589	1633105377112752128	en	everyone	3/7/23 14:48	 rj_nerddad  chrisconwaydc  juddlegum  joebiden statehood is a sticky situation for dc look at what states can and cannot do vs what the federal government can i mean if anything theyd have to declare entire parks and buildings as federal land to potentially get around that  but still  a sticky situation when you look at it	@RJ_NerdDad @ChrisConwayDC @JuddLegum @JoeBiden Statehood is a sticky situation for DC. Look at what states can and cannot do vs what the federal government can. I mean if anything they‚Äôd have to declare entire parks and buildings as federal land to potentially get around that, but still, a sticky situation when you look at it	1706115374.0	[{'type': 'replied_to', 'id': '1633113569465073666'}]	1.63312e+18	['1633117534596612099']	0	2	0	95	1.28e+18						-0.104166667	0.770833333	0.0	0.0	0	neutral	-0.125	0.447916667	0.770833333	0.499164345	0.0	0.489795918	0.396825397	neutral	melissa	@user @user @user @user Statehood is a sticky situation for DC. Look at what states can and cannot do vs what the federal government can. I mean if anything they‚Äôd have to declare entire parks and buildings as federal land to potentially get around that, but still, a sticky situation when you look at it	-0.396930426	negative	statehood	0.231311519	neutral	neutral	neutral	neutral	negative	negative	negative	negative
80	16770	1633676284868820992	en	everyone	3/9/23 3:49	rt  emporiumfred this isnt china this isnt iran this isnt russiathis is the usa the real home of the gulag of the capitalist dict	"RT @EmporiumFred: This isn‚Äôt China. This isn‚Äôt Iran. This isn‚Äôt Russia.

This is the USA. The real home of the Gulag of the Capitalist Dict‚Ä¶"	62019018.0	[{'type': 'retweeted', 'id': '1633603205379788800'}]	1.63368e+18	['1633676284868820992']	99	0	0	0							0.2	0.3	0.0	0.0	0	neutral	0.0	0.6	0.3	0.499164345	0.0	0.489795918	0.412698413	neutral	melissa	"RT @user This isn‚Äôt China. This isn‚Äôt Iran. This isn‚Äôt Russia.

This is the USA. The real home of the Gulag of the Capitalist Dict‚Ä¶"	-0.263624847	negative	russia	0.320084891	neutral	neutral	neutral	neutral	negative	negative	negative	negative
81	21798	1633864929035055104	en	everyone	3/9/23 16:18	rt  anshumansail salute smt sonia gandhi for fulfilling the dream of telangana statehoodalso  on behalf of your father and family  apo	"RT @AnshumanSail: Salute Smt. Sonia Gandhi for fulfilling the dream of Telangana Statehood.

Also, on behalf of your father and family, apo‚Ä¶"	9.24163e+17	[{'type': 'retweeted', 'id': '1633750354532917249'}]	1.63386e+18	['1633864929035055104']	102	0	0	0							0.0	0.0	0.25	0.125	3	positive	0.375	0.5	0.0	0.625778678	0.139508929	0.551020408	0.46031746	positive	melissa	"RT @user Salute Smt. Sonia Gandhi for fulfilling the dream of Telangana Statehood.

Also, on behalf of your father and family, apo‚Ä¶"	0.706419349	positive	statehood	0.966075063	neutral	positive	neutral	neutral	positive	positive	positive	positive
82	6784	1633973775267155968	en	everyone	3/9/23 23:31	rt  ai_insight1 wonder studio an ai tool that automatically animates  lights and composes cg characters into a liveaction scene no comp	RT @ai_insight1: Wonder Studio. an AI tool that automatically animates, lights and composes CG characters into a live-action scene. No comp‚Ä¶	540696653.0	[{'type': 'retweeted', 'id': '1633888686013128706'}]	1.63397e+18	['1633973775267155970']	16	0	0	0							0.212121212	0.433333333	0.0	0.0	0	neutral	1.125	0.606060606	0.433333333	0.499164345	0.0	0.489795918	0.555555556	positive	melissa	RT @user Wonder Studio. an AI tool that automatically animates, lights and composes CG characters into a live-action scene. No comp‚Ä¶	0.079829775	neutral	chatgpt	0.548804686	neutral	neutral	neutral	neutral	neutral	neutral	neutral	neutral
83	16819	1633674845719240704	en	everyone	3/9/23 3:48	 benito_pepolini can we send wasps and aipac back to russia  sweden and the uk please	@benito_pepolini Can we send WASPs and AIPAC back to Russia, Sweden and the UK please?	1.58962e+18	[{'type': 'replied_to', 'id': '1633674845719240704'}]	1.63368e+18	['1633676203457388551']	0	0	0	10	1.51e+18						0.0	0.0	0.3182	0.204	1	positive	0.0	0.5	0.0	0.660319068	0.227678571	0.510204082	0.412698413	negative	melissa	@user Can we send WASPs and AIPAC back to Russia, Sweden and the UK please?	-0.564899564	negative	russia	0.119454335	neutral	positive	neutral	neutral	negative	neutral	negative	negative
84	23725	1633621123668606976	en	everyone	3/9/23 0:10	rt  equalityalec the political significance of this development is enormous  not just for dc statehood  bidens moveand support of dem	RT @equalityAlec: The political significance of this development is enormous, not just for DC statehood.  Biden's move--and support of Dem‚Ä¶	357293341.0	[{'type': 'retweeted', 'id': '1633550611433005068'}]	1.63362e+18	['1633621123668606977']	121	0	0	0							0.0	0.5	0.5859	0.324	3	positive	0.25	0.5	0.5	0.795897696	0.361607143	0.551020408	0.444444444	neutral	melissa	RT @user The political significance of this development is enormous, not just for DC statehood.  Biden's move--and support of Dem‚Ä¶	0.485381097	positive	statehood	0.818877091	neutral	positive	neutral	neutral	positive	positive	positive	positive
85	26359	1633877009033211904	en	everyone	3/9/23 17:06	table tennis ukraine win cupyurii chuzha v sergey pisklovyurii chuzha moneyline   1940ev  13   p  522 gt  odds gt  1914wager 3 1000 of the bankroll with 1 5 kelly factorstarts at 20230310 0000 cet  in 353 mn #degenerategambler #tabletennis https  tco hav3ke4jgo	"Table Tennis Ukraine Win Cup
Yurii Chuzha V Sergey Pisklov
Yurii Chuzha Moneyline @ 1.940
EV = 1.3% ; p = 52.2% -&gt; odds &gt; 1.914
Wager 3/1000 of the bankroll with 1/5 kelly factor
Starts at 2023-03-10 00:00 CET (in 353 mn)
#DegenerateGambler #Tabletennis https://t.co/HAv3ke4jGo"	1.43113e+18		1.63388e+18	['1633877009033211905']	0	0	0	4							0.8	0.4	0.7906	0.216	4	positive	0.0	0.9	0.4	0.899569511	0.241071429	0.571428571	0.412698413	neutral	melissa	"Table Tennis Ukraine Win Cup
Yurii Chuzha V Sergey Pisklov
Yurii Chuzha Moneyline @ 1.940
EV = 1.3% ; p = 52.2% -&gt; odds &gt; 1.914
Wager 3/1000 of the bankroll with 1/5 kelly factor
Starts at 2023-03-10 00:00 CET (in 353 mn)
#DegenerateGambler #Tabletennis http"	0.079829767	neutral	ukraine	0.548804681	positive	positive	neutral	neutral	neutral	neutral	neutral	neutral
86	2971	1633126336901283840	en	everyone	3/7/23 15:23	rt  sagesurge marlon wayans roasting chris rock about the will smith slap#selectiveoutrage #chrisrocklive #chrisrock #chrisrocknetflix	"RT @sagesurge: Marlon Wayans roasting Chris Rock about the Will Smith slap.

#selectiveoutrage #ChrisRockLive #ChrisRock #chrisrocknetflix‚Ä¶"	3649145536.0	[{'type': 'retweeted', 'id': '1632525319973289985'}]	1.63313e+18	['1633126336901283844']	9130	0	0	0							0.0	0.0	0.1531	0.118	0	neutral	0.0	0.5	0.0	0.576702963	0.131696429	0.489795918	0.412698413	neutral	melissa	"RT @user Marlon Wayans roasting Chris Rock about the Will Smith slap.

#selectiveoutrage #ChrisRockLive #ChrisRock #chrisrocknetflix‚Ä¶"	-0.327477396	negative	#chrisrocklive	0.277562994	neutral	neutral	neutral	neutral	negative	negative	neutral	neutral
87	18003	1633674285461147648	en	everyone	3/9/23 3:41	rt  visegrad24 breaking a few minutes ago  russia fired an additional wave of cruise missiles from the black sea over moldovan air spac	"RT @visegrad24: BREAKING: 

A few minutes ago, Russia fired an additional wave of cruise missiles from the Black Sea over Moldovan air spac‚Ä¶"	26134591.0	[{'type': 'retweeted', 'id': '1633643958138970113'}]	1.63367e+18	['1633674285461147648']	982	0	0	0							-0.166666667	0.433333333	-0.5574	0.194	-2	negative	-0.375	0.416666667	0.433333333	0.216865029	0.216517857	0.448979592	0.365079365	neutral	melissa	"RT @user BREAKING: 

A few minutes ago, Russia fired an additional wave of cruise missiles from the Black Sea over Moldovan air spac‚Ä¶"	-0.119427294	neutral	russia	0.416111652	neutral	negative	neutral	negative	neutral	negative	neutral	neutral
88	1676	1633223966788550656	en	everyone	3/7/23 21:51	rt  tasterreblanche  sagesurge he also said #chrisrockselectiveoutrage  #chrisrocklive https  tco 26mm0n2yv5	RT @Tasterreblanche: @sagesurge He also saidü§∑üèª‚Äç‚ôÇÔ∏è #ChrisRockSelectiveOutrage  #ChrisRockLive https://t.co/26Mm0n2yv5	198918765.0	[{'type': 'retweeted', 'id': '1632830373305409538'}]	1.63322e+18	['1633223966788550661']	237	0	0	0							0.0	0.0	0.0	0.0	0	neutral	0.0	0.5	0.0	0.499164345	0.0	0.489795918	0.412698413	neutral	melissa	RT @user @user He also saidü§∑üèª‚Äç‚ôÇÔ∏è #ChrisRockSelectiveOutrage  #ChrisRockLive http	-0.109558471	neutral	#chrisrocklive	0.422683685	neutral	neutral	neutral	neutral	neutral	neutral	neutral	neutral
89	25120	1633265636070629376	en	everyone	3/8/23 0:37	rt  chenderson this statement is a contradiction you cannot support dc statehood amp  home rule and also endorse congress overturning a loca	RT @chenderson: This statement is a contradiction. You cannot support DC statehood &amp; home rule AND also endorse Congress overturning a loca‚Ä¶	612956265.0	[{'type': 'retweeted', 'id': '1631495858150678529'}]	1.63327e+18	['1633265636070629376']	600	0	0	0							0.0	0.0	-0.2401	0.335	4	positive	0.125	0.5	0.0	0.37756394	0.373883929	0.571428571	0.428571429	negative	melissa	RT @user This statement is a contradiction. You cannot support DC statehood &amp; home rule AND also endorse Congress overturning a loca‚Ä¶	-0.635148943	negative	statehood	0.07267254	neutral	neutral	neutral	neutral	negative	negative	negative	negative
90	20092	1633670471060160512	en	everyone	3/9/23 3:26	rt  dom_lucre on february 28  2022  russian economist valentin katasonov america besieged russia by placing biolabs in surrounding co	"RT @dom_lucre: On February 28, 2022, Russian Economist Valentin Katasonov: 

‚ÄúAmerica Besieged Russia By Placing Bio-Labs In Surrounding Co‚Ä¶"	1.15112e+18	[{'type': 'retweeted', 'id': '1633670000396435461'}]	1.63367e+18	['1633670471060160515']	135	0	0	0							0.0	0.0	0.0	0.0	0	neutral	0.0	0.5	0.0	0.499164345	0.0	0.489795918	0.412698413	negative	melissa	"RT @user On February 28, 2022, Russian Economist Valentin Katasonov: 

‚ÄúAmerica Besieged Russia By Placing Bio-Labs In Surrounding Co‚Ä¶"	-0.019997334	neutral	russia	0.482325931	neutral	neutral	neutral	neutral	neutral	negative	negative	neutral
91	16434	1633649075298922496	en	everyone	3/9/23 2:01	rt  lionessdeb19 before obama  we had  isisbefore obama  we had  blmbefore obama  we had  antifabefore obama  we had  war on cops	"RT @LionessDeb19: BEFORE OBAMA, WE HAD üö´ ISIS
BEFORE OBAMA, WE HAD üö´ BLM
BEFORE OBAMA, WE HAD üö´ ANTIFA
BEFORE OBAMA, WE HAD üö´ WAR ON COPS‚Ä¶"	1.40748e+18	[{'type': 'retweeted', 'id': '1633634953182289926'}]	1.63365e+18	['1633649075298922496']	220	0	0	0							0.0	0.0	-0.5994	0.281	-2	negative	-0.25	0.5	0.0	0.195593821	0.313616071	0.448979592	0.380952381	negative	melissa	"RT @user BEFORE OBAMA, WE HAD üö´ ISIS
BEFORE OBAMA, WE HAD üö´ BLM
BEFORE OBAMA, WE HAD üö´ ANTIFA
BEFORE OBAMA, WE HAD üö´ WAR ON COPS‚Ä¶"	-0.272905082	negative	obama	0.313904822	neutral	negative	neutral	neutral	negative	negative	negative	negative
92	2133	1633184898130366464	en	everyone	3/7/23 19:16	rt  sagesurge marlon wayans roasting chris rock about the will smith slap#selectiveoutrage #chrisrocklive #chrisrock #chrisrocknetflix	"RT @sagesurge: Marlon Wayans roasting Chris Rock about the Will Smith slap.

#selectiveoutrage #ChrisRockLive #ChrisRock #chrisrocknetflix‚Ä¶"	3246946241.0	[{'type': 'retweeted', 'id': '1632525319973289985'}]	1.63318e+18	['1633184898130366464']	9130	0	0	0							0.0	0.0	0.1531	0.118	0	neutral	0.0	0.5	0.0	0.576702963	0.131696429	0.489795918	0.412698413	neutral	melissa	"RT @user Marlon Wayans roasting Chris Rock about the Will Smith slap.

#selectiveoutrage #ChrisRockLive #ChrisRock #chrisrocknetflix‚Ä¶"	-0.327477396	negative	#chrisrocklive	0.277562994	neutral	neutral	neutral	neutral	negative	negative	neutral	neutral
93	16621	1633365937347862528	en	everyone	3/9/23 3:50	 meripu  nrockny  ep_president  anttitimonen the usa and the eu  opposition government have gone crazy georgia is sleeping and only those who are now fighting at the parliament  georgians who do not want to become victims of genocide from the russian empire  west  help us  russia is trying to wipe us out  you are next	@meripu @NRockNY @EP_President @AnttiTimonen The USA and the EU, opposition government have gone crazy. Georgia is sleeping and only those who are now fighting at the parliament - Georgians who do not want to become victims of genocide from the Russian empire, West, Help us!, Russia is trying to wipe us out, you are next!	1.51435e+18	[{'type': 'replied_to', 'id': '1633610181497040897'}]	1.63368e+18	['1633676486593921029']	0	0	0	0	39992669.0						-0.16875	0.2375	-0.4588	0.306	-4	negative	-0.75	0.415625	0.2375	0.266801722	0.341517857	0.408163265	0.317460318	negative	melissa	@user @user @user @user The USA and the EU, opposition government have gone crazy. Georgia is sleeping and only those who are now fighting at the parliament - Georgians who do not want to become victims of genocide from the Russian empire, West, Help us!, Russia is trying to wipe us out, you are next!	-0.721132278	negative	russia	0.015412892	neutral	negative	neutral	negative	negative	negative	negative	negative
94	16903	1633676066337460224	en	everyone	3/9/23 3:48	rt  peterbakernyt trump tells hannity on his radio show that he would have been willing to let russia take over parts of ukraine while h	"RT @peterbakernyt: Trump tells Hannity on his radio show that he would have been willing to let Russia ""take over"" parts of Ukraine while h‚Ä¶"	1114778431.0	[{'type': 'retweeted', 'id': '1633604224843120640'}]	1.63368e+18	['1633676066337460225']	1179	0	0	0							0.25	0.75	0.0	0.0	0	neutral	0.25	0.625	0.75	0.499164345	0.0	0.489795918	0.444444444	negative	melissa	"RT @user Trump tells Hannity on his radio show that he would have been willing to let Russia ""take over"" parts of Ukraine while h‚Ä¶"	-0.139092445	neutral	russia	0.403015862	positive	neutral	neutral	neutral	neutral	neutral	neutral	neutral
95	3425	1633095016355622912	en	everyone	3/7/23 13:19	rt  tasterreblanche  sagesurge he also said #chrisrockselectiveoutrage  #chrisrocklive https  tco 26mm0n2yv5	RT @Tasterreblanche: @sagesurge He also saidü§∑üèª‚Äç‚ôÇÔ∏è #ChrisRockSelectiveOutrage  #ChrisRockLive https://t.co/26Mm0n2yv5	507872278.0	[{'type': 'retweeted', 'id': '1632830373305409538'}]	1.6331e+18	['1633095016355622914']	237	0	0	0							0.0	0.0	0.0	0.0	0	neutral	0.0	0.5	0.0	0.499164345	0.0	0.489795918	0.412698413	neutral	melissa	RT @user @user He also saidü§∑üèª‚Äç‚ôÇÔ∏è #ChrisRockSelectiveOutrage  #ChrisRockLive http	-0.109558471	neutral	#chrisrocklive	0.422683685	neutral	neutral	neutral	neutral	neutral	neutral	neutral	neutral
96	26912	1633876536695586816	en	everyone	3/9/23 17:04	rt  martinlzinn  aaronjmate incredible syria is suffering from crippling inhumane sanctions imposed by the us and now they refuse to end	RT @MartinLZinn: @aaronjmate Incredible Syria is suffering from crippling inhumane sanctions imposed by the U.S. and now they refuse to end‚Ä¶	9.71279e+17	[{'type': 'retweeted', 'id': '1633754771147444224'}]	1.63388e+18	['1633876536695586836']	11	0	0	0							0.0	0.9	-0.7076	0.408	-5	negative	-0.25	0.5	0.9	0.140795138	0.455357143	0.387755102	0.380952381	negative	melissa	RT @user @user Incredible Syria is suffering from crippling inhumane sanctions imposed by the U.S. and now they refuse to end‚Ä¶	-0.716297865	negative	ukraine	0.018632316	neutral	negative	neutral	neutral	negative	negative	negative	negative
97	20013	1633670596663054336	en	everyone	3/9/23 3:26	rt  visegrad24 breakingrussia has fired a wave of cruise missiles from the black sea that are now flying over moldovas air spacethe	"RT @visegrad24: BREAKING:

Russia has fired a wave of cruise missiles from the Black Sea that are now flying over Moldova‚Äôs air space.

The‚Ä¶"	2477165606.0	[{'type': 'retweeted', 'id': '1633637043258499072'}]	1.63367e+18	['1633670596663054336']	803	0	0	0							-0.166666667	0.433333333	-0.5574	0.217	-2	negative	-0.375	0.416666667	0.433333333	0.216865029	0.2421875	0.448979592	0.365079365	negative	melissa	"RT @user BREAKING:

Russia has fired a wave of cruise missiles from the Black Sea that are now flying over Moldova‚Äôs air space.

The‚Ä¶"	-0.148885042	neutral	russia	0.396494591	neutral	negative	neutral	negative	neutral	negative	negative	neutral
98	26101	1633877201052667904	en	everyone	3/9/23 17:07	dont miss out on the uefa europa league game between manchester united v real betis streaming live on joyful iptv #manutd #uel#proud #roblox #haulathon #news #squidcraft2 #ukraine #in #savesilver #behindthescenes #michelin https  tco zqovp6sbpy	"Don't miss out on the UEFA Europa League game between Manchester United v Real Betis streaming live on Joyful IPTV. #ManUTD #UEL

#proud #roblox #haulathon #news #squidcraft2 #ukraine #in #savesilver #behindthescenes #michelin https://t.co/ZQOvP6SBpy"	1.00414e+18		1.63388e+18	['1633877201052667905']	0	0	1	2							0.184090909	0.55	0.8481	0.313	4	positive	0.0	0.592045455	0.55	0.928690808	0.349330357	0.571428571	0.412698413	positive	melissa	"Don't miss out on the UEFA Europa League game between Manchester United v Real Betis streaming live on Joyful IPTV. #ManUTD #UEL

#proud #roblox #haulathon #news #squidcraft2 #ukraine #in #savesilver #behindthescenes #michelin http"	0.701374114	positive	ukraine	0.962715245	neutral	positive	neutral	neutral	positive	positive	positive	neutral
99	25210	1633106009215442944	en	everyone	3/7/23 22:49	 coltsfan_rick  gulagsheepy  petepettifogger  lucasfoxnews  claytravis  petepettifogger  dc statehood dc population  671 803  0 rep amp  0 senators  wyoming population  581 381  1 rep amp  2 senators currently  of all places  the us capitol has  t w o r  that has a not good history dating back to 1754 https  tco im8ynrhlil	"@ColtsFan_Rick @GulagSheepy @petepettifogger @LucasFoxNews @ClayTravis @petepettifogger, D.C. statehood.
- D.C. Population = 671,803. (0 Rep &amp; 0 Senators)
- Wyoming Population = 581,381 (1 Rep &amp; 2 Senators)

Currently, of all places, the üá∫üá∏US Capitol has üëá
üö® T w/o R, that has a ""not good"" history dating back to 1754. https://t.co/im8YNrhliL"	24759928.0	[{'type': 'replied_to', 'id': '1633227663719448580'}]	1.63324e+18	['1633238540027936768']	0	0	0	44	40668487.0						0.233333333	0.333333333	0.4404	0.083	3	positive	0.875	0.616666667	0.333333333	0.722208154	0.092633929	0.551020408	0.523809524	negative	melissa	"@user @user @user @user @user @user D.C. statehood.
- D.C. Population = 671,803. (0 Rep &amp; 0 Senators)
- Wyoming Population = 581,381 (1 Rep &amp; 2 Senators)

Currently, of all places, the üá∫üá∏US Capitol has üëá
üö® T w/o R, that has a ""not good"" history dating back to 1754. http"	-0.139092445	neutral	statehood	0.403015862	neutral	positive	neutral	neutral	neutral	neutral	neutral	neutral
